,_id,Initial_Year,Initial_Month,Forecast_Year,Foreast_Month,Province_ID,Province_NameTH,Rainfall.mm.,Province
0,1,2023,1,2023,1,10,กรุงเทพมหานคร,18.8020932,กรุงเทพมหานคร
1,2,2023,1,2023,1,11,สมุทรปราการ,14.15289707,สมุทรปราการ
2,3,2023,1,2023,1,12,นนทบุรี,19.02253284,นนทบุรี
3,4,2023,1,2023,1,13,ปทุมธานี,15.55536278,ปทุมธานี
4,5,2023,1,2023,1,14,พระนครศรีอยุธยา,12.54678874,พระนครศรีอยุธยา
5,6,2023,1,2023,1,15,อ่างทอง,17.12334163,อ่างทอง
6,7,2023,1,2023,1,16,ลพบุรี,12.93856959,ลพบุรี
7,8,2023,1,2023,1,17,สิงห์บุรี,11.78389048,สิงห์บุรี
8,9,2023,1,2023,1,18,ชัยนาท,6.086061758,ชัยนาท
9,10,2023,1,2023,1,19,สระบุรี,20.8451379,สระบุรี
14,15,2023,1,2023,1,24,ฉะเชิงเทรา,5.716058429,ฉะเชิงเทรา
16,17,2023,1,2023,1,26,นครนายก,13.22242745,นครนายก
55,56,2023,1,2023,1,70,ราชบุรี,6.437758541,ราชบุรี
57,58,2023,1,2023,1,72,สุพรรณบุรี,22.96932715,สุพรรณบุรี
58,59,2023,1,2023,1,73,นครปฐม,11.77419229,นครปฐม
59,60,2023,1,2023,1,74,สมุทรสาคร,13.78645919,สมุทรสาคร
60,61,2023,1,2023,1,75,สมุทรสงคราม,5.890637674,สมุทรสงคราม
61,62,2023,1,2023,1,76,เพชรบุรี,9.481056836,เพชรบุรี
77,78,2023,1,2023,2,10,กรุงเทพมหานคร,7.221436206,กรุงเทพมหานคร
78,79,2023,1,2023,2,11,จ.สมุทรปราการ,6.642668365,สมุทรปราการ
79,80,2023,1,2023,2,12,จ.นนทบุรี,7.32679174,นนทบุรี
80,81,2023,1,2023,2,13,จ.ปทุมธานี,10.34393533,ปทุมธานี
81,82,2023,1,2023,2,14,จ.พระนครศรีอยุธยา,7.280295776,พระนครศรีอยุธยา
82,83,2023,1,2023,2,15,จ.อ่างทอง,2.263453867,อ่างทอง
83,84,2023,1,2023,2,16,จ.ลพบุรี,4.367899761,ลพบุรี
84,85,2023,1,2023,2,17,จ.สิงห์บุรี,1.553227664,สิงห์บุรี
85,86,2023,1,2023,2,18,จ.ชัยนาท,1.713415675,ชัยนาท
86,87,2023,1,2023,2,19,จ.สระบุรี,3.557782697,สระบุรี
91,92,2023,1,2023,2,24,จ.ฉะเชิงเทรา,8.000106651,ฉะเชิงเทรา
93,94,2023,1,2023,2,26,จ.นครนายก,4.961149554,นครนายก
132,133,2023,1,2023,2,70,จ.ราชบุรี,1.019125115,ราชบุรี
134,135,2023,1,2023,2,72,จ.สุพรรณบุรี,1.654703286,สุพรรณบุรี
135,136,2023,1,2023,2,73,จ.นครปฐม,4.68929011,นครปฐม
136,137,2023,1,2023,2,74,จ.สมุทรสาคร,4.835366523,สมุทรสาคร
137,138,2023,1,2023,2,75,จ.สมุทรสงคราม,1.328347824,สมุทรสงคราม
138,139,2023,1,2023,2,76,จ.เพชรบุรี,2.719379135,เพชรบุรี
154,155,2023,1,2023,3,10,กรุงเทพมหานคร,156.3168909,กรุงเทพมหานคร
155,156,2023,1,2023,3,11,จ.สมุทรปราการ,144.9018933,สมุทรปราการ
156,157,2023,1,2023,3,12,จ.นนทบุรี,157.2669794,นนทบุรี
157,158,2023,1,2023,3,13,จ.ปทุมธานี,166.8945664,ปทุมธานี
158,159,2023,1,2023,3,14,จ.พระนครศรีอยุธยา,157.3547513,พระนครศรีอยุธยา
159,160,2023,1,2023,3,15,จ.อ่างทอง,122.6504862,อ่างทอง
160,161,2023,1,2023,3,16,จ.ลพบุรี,77.1842078,ลพบุรี
161,162,2023,1,2023,3,17,จ.สิงห์บุรี,90.87302588,สิงห์บุรี
162,163,2023,1,2023,3,18,จ.ชัยนาท,64.3362423,ชัยนาท
163,164,2023,1,2023,3,19,จ.สระบุรี,122.8983923,สระบุรี
168,169,2023,1,2023,3,24,จ.ฉะเชิงเทรา,123.322351,ฉะเชิงเทรา
170,171,2023,1,2023,3,26,จ.นครนายก,120.5584431,นครนายก
209,210,2023,1,2023,3,70,จ.ราชบุรี,186.0932525,ราชบุรี
211,212,2023,1,2023,3,72,จ.สุพรรณบุรี,110.5674013,สุพรรณบุรี
212,213,2023,1,2023,3,73,จ.นครปฐม,136.3675461,นครปฐม
213,214,2023,1,2023,3,74,จ.สมุทรสาคร,157.7162934,สมุทรสาคร
214,215,2023,1,2023,3,75,จ.สมุทรสงคราม,196.1196523,สมุทรสงคราม
215,216,2023,1,2023,3,76,จ.เพชรบุรี,349.4985033,เพชรบุรี
231,232,2023,1,2023,4,10,กรุงเทพมหานคร,29.20181053,กรุงเทพมหานคร
232,233,2023,1,2023,4,11,จ.สมุทรปราการ,16.372338,สมุทรปราการ
233,234,2023,1,2023,4,12,จ.นนทบุรี,35.15480297,นนทบุรี
234,235,2023,1,2023,4,13,จ.ปทุมธานี,46.99973185,ปทุมธานี
235,236,2023,1,2023,4,14,จ.พระนครศรีอยุธยา,28.90693899,พระนครศรีอยุธยา
236,237,2023,1,2023,4,15,จ.อ่างทอง,18.81645885,อ่างทอง
237,238,2023,1,2023,4,16,จ.ลพบุรี,33.9353883,ลพบุรี
238,239,2023,1,2023,4,17,จ.สิงห์บุรี,24.61547554,สิงห์บุรี
239,240,2023,1,2023,4,18,จ.ชัยนาท,15.7435962,ชัยนาท
240,241,2023,1,2023,4,19,จ.สระบุรี,50.21295644,สระบุรี
245,246,2023,1,2023,4,24,จ.ฉะเชิงเทรา,62.43158591,ฉะเชิงเทรา
247,248,2023,1,2023,4,26,จ.นครนายก,50.86223767,นครนายก
286,287,2023,1,2023,4,70,จ.ราชบุรี,8.391087259,ราชบุรี
288,289,2023,1,2023,4,72,จ.สุพรรณบุรี,7.187308629,สุพรรณบุรี
289,290,2023,1,2023,4,73,จ.นครปฐม,12.19684181,นครปฐม
290,291,2023,1,2023,4,74,จ.สมุทรสาคร,14.72088525,สมุทรสาคร
291,292,2023,1,2023,4,75,จ.สมุทรสงคราม,10.60489856,สมุทรสงคราม
292,293,2023,1,2023,4,76,จ.เพชรบุรี,22.79715261,เพชรบุรี
308,309,2023,1,2023,5,10,กรุงเทพมหานคร,233.159259,กรุงเทพมหานคร
309,310,2023,1,2023,5,11,จ.สมุทรปราการ,239.2763409,สมุทรปราการ
310,311,2023,1,2023,5,12,จ.นนทบุรี,209.5342213,นนทบุรี
311,312,2023,1,2023,5,13,จ.ปทุมธานี,181.402784,ปทุมธานี
312,313,2023,1,2023,5,14,จ.พระนครศรีอยุธยา,181.7395491,พระนครศรีอยุธยา
313,314,2023,1,2023,5,15,จ.อ่างทอง,183.8327057,อ่างทอง
314,315,2023,1,2023,5,16,จ.ลพบุรี,207.1105268,ลพบุรี
315,316,2023,1,2023,5,17,จ.สิงห์บุรี,199.3918299,สิงห์บุรี
316,317,2023,1,2023,5,18,จ.ชัยนาท,202.4761328,ชัยนาท
317,318,2023,1,2023,5,19,จ.สระบุรี,228.2932834,สระบุรี
322,323,2023,1,2023,5,24,จ.ฉะเชิงเทรา,223.814389,ฉะเชิงเทรา
324,325,2023,1,2023,5,26,จ.นครนายก,215.2975335,นครนายก
363,364,2023,1,2023,5,70,จ.ราชบุรี,182.5412719,ราชบุรี
365,366,2023,1,2023,5,72,จ.สุพรรณบุรี,163.128886,สุพรรณบุรี
366,367,2023,1,2023,5,73,จ.นครปฐม,176.8970709,นครปฐม
367,368,2023,1,2023,5,74,จ.สมุทรสาคร,226.9373859,สมุทรสาคร
368,369,2023,1,2023,5,75,จ.สมุทรสงคราม,216.236,สมุทรสงคราม
369,370,2023,1,2023,5,76,จ.เพชรบุรี,151.6332989,เพชรบุรี
385,386,2023,1,2023,6,10,กรุงเทพมหานคร,115.4466998,กรุงเทพมหานคร
386,387,2023,1,2023,6,11,จ.สมุทรปราการ,116.9976621,สมุทรปราการ
387,388,2023,1,2023,6,12,จ.นนทบุรี,115.4948029,นนทบุรี
388,389,2023,1,2023,6,13,จ.ปทุมธานี,130.0541561,ปทุมธานี
389,390,2023,1,2023,6,14,จ.พระนครศรีอยุธยา,111.505446,พระนครศรีอยุธยา
390,391,2023,1,2023,6,15,จ.อ่างทอง,92.66521187,อ่างทอง
391,392,2023,1,2023,6,16,จ.ลพบุรี,127.3785588,ลพบุรี
392,393,2023,1,2023,6,17,จ.สิงห์บุรี,92.52841495,สิงห์บุรี
393,394,2023,1,2023,6,18,จ.ชัยนาท,97.2173064,ชัยนาท
394,395,2023,1,2023,6,19,จ.สระบุรี,99.08780655,สระบุรี
399,400,2023,1,2023,6,24,จ.ฉะเชิงเทรา,168.2829955,ฉะเชิงเทรา
401,402,2023,1,2023,6,26,จ.นครนายก,124.0555692,นครนายก
440,441,2023,1,2023,6,70,จ.ราชบุรี,90.40039014,ราชบุรี
442,443,2023,1,2023,6,72,จ.สุพรรณบุรี,89.82937573,สุพรรณบุรี
443,444,2023,1,2023,6,73,จ.นครปฐม,110.3338011,นครปฐม
444,445,2023,1,2023,6,74,จ.สมุทรสาคร,106.9335409,สมุทรสาคร
445,446,2023,1,2023,6,75,จ.สมุทรสงคราม,86.41660862,สมุทรสงคราม
446,447,2023,1,2023,6,76,จ.เพชรบุรี,64.77504874,เพชรบุรี
462,463,2023,2,2023,2,10,กรุงเทพมหานคร,7.221436206,กรุงเทพมหานคร
463,464,2023,2,2023,2,11,จ.สมุทรปราการ,6.642668365,สมุทรปราการ
464,465,2023,2,2023,2,12,จ.นนทบุรี,7.32679174,นนทบุรี
465,466,2023,2,2023,2,13,จ.ปทุมธานี,10.34393533,ปทุมธานี
466,467,2023,2,2023,2,14,จ.พระนครศรีอยุธยา,7.280295776,พระนครศรีอยุธยา
467,468,2023,2,2023,2,15,จ.อ่างทอง,2.263453867,อ่างทอง
468,469,2023,2,2023,2,16,จ.ลพบุรี,4.367899761,ลพบุรี
469,470,2023,2,2023,2,17,จ.สิงห์บุรี,1.553227664,สิงห์บุรี
470,471,2023,2,2023,2,18,จ.ชัยนาท,1.713415675,ชัยนาท
471,472,2023,2,2023,2,19,จ.สระบุรี,3.557782697,สระบุรี
476,477,2023,2,2023,2,24,จ.ฉะเชิงเทรา,8.000106651,ฉะเชิงเทรา
478,479,2023,2,2023,2,26,จ.นครนายก,4.961149554,นครนายก
517,518,2023,2,2023,2,70,จ.ราชบุรี,1.019125115,ราชบุรี
519,520,2023,2,2023,2,72,จ.สุพรรณบุรี,1.654703286,สุพรรณบุรี
520,521,2023,2,2023,2,73,จ.นครปฐม,4.68929011,นครปฐม
521,522,2023,2,2023,2,74,จ.สมุทรสาคร,4.835366523,สมุทรสาคร
522,523,2023,2,2023,2,75,จ.สมุทรสงคราม,1.328347824,สมุทรสงคราม
523,524,2023,2,2023,2,76,จ.เพชรบุรี,2.719379135,เพชรบุรี
539,540,2023,2,2023,3,10,กรุงเทพมหานคร,156.3168909,กรุงเทพมหานคร
540,541,2023,2,2023,3,11,จ.สมุทรปราการ,144.9018933,สมุทรปราการ
541,542,2023,2,2023,3,12,จ.นนทบุรี,157.2669794,นนทบุรี
542,543,2023,2,2023,3,13,จ.ปทุมธานี,166.8945664,ปทุมธานี
543,544,2023,2,2023,3,14,จ.พระนครศรีอยุธยา,157.3547513,พระนครศรีอยุธยา
544,545,2023,2,2023,3,15,จ.อ่างทอง,122.6504862,อ่างทอง
545,546,2023,2,2023,3,16,จ.ลพบุรี,77.1842078,ลพบุรี
546,547,2023,2,2023,3,17,จ.สิงห์บุรี,90.87302588,สิงห์บุรี
547,548,2023,2,2023,3,18,จ.ชัยนาท,64.3362423,ชัยนาท
548,549,2023,2,2023,3,19,จ.สระบุรี,122.8983923,สระบุรี
553,554,2023,2,2023,3,24,จ.ฉะเชิงเทรา,123.322351,ฉะเชิงเทรา
555,556,2023,2,2023,3,26,จ.นครนายก,120.5584431,นครนายก
594,595,2023,2,2023,3,70,จ.ราชบุรี,186.0932525,ราชบุรี
596,597,2023,2,2023,3,72,จ.สุพรรณบุรี,110.5674013,สุพรรณบุรี
597,598,2023,2,2023,3,73,จ.นครปฐม,136.3675461,นครปฐม
598,599,2023,2,2023,3,74,จ.สมุทรสาคร,157.7162934,สมุทรสาคร
599,600,2023,2,2023,3,75,จ.สมุทรสงคราม,196.1196523,สมุทรสงคราม
600,601,2023,2,2023,3,76,จ.เพชรบุรี,349.4985033,เพชรบุรี
616,617,2023,2,2023,4,10,กรุงเทพมหานคร,29.20181053,กรุงเทพมหานคร
617,618,2023,2,2023,4,11,จ.สมุทรปราการ,16.372338,สมุทรปราการ
618,619,2023,2,2023,4,12,จ.นนทบุรี,35.15480297,นนทบุรี
619,620,2023,2,2023,4,13,จ.ปทุมธานี,46.99973185,ปทุมธานี
620,621,2023,2,2023,4,14,จ.พระนครศรีอยุธยา,28.90693899,พระนครศรีอยุธยา
621,622,2023,2,2023,4,15,จ.อ่างทอง,18.81645885,อ่างทอง
622,623,2023,2,2023,4,16,จ.ลพบุรี,33.9353883,ลพบุรี
623,624,2023,2,2023,4,17,จ.สิงห์บุรี,24.61547554,สิงห์บุรี
624,625,2023,2,2023,4,18,จ.ชัยนาท,15.7435962,ชัยนาท
625,626,2023,2,2023,4,19,จ.สระบุรี,50.21295644,สระบุรี
630,631,2023,2,2023,4,24,จ.ฉะเชิงเทรา,62.43158591,ฉะเชิงเทรา
632,633,2023,2,2023,4,26,จ.นครนายก,50.86223767,นครนายก
671,672,2023,2,2023,4,70,จ.ราชบุรี,8.391087259,ราชบุรี
673,674,2023,2,2023,4,72,จ.สุพรรณบุรี,7.187308629,สุพรรณบุรี
674,675,2023,2,2023,4,73,จ.นครปฐม,12.19684181,นครปฐม
675,676,2023,2,2023,4,74,จ.สมุทรสาคร,14.72088525,สมุทรสาคร
676,677,2023,2,2023,4,75,จ.สมุทรสงคราม,10.60489856,สมุทรสงคราม
677,678,2023,2,2023,4,76,จ.เพชรบุรี,22.79715261,เพชรบุรี
693,694,2023,2,2023,5,10,กรุงเทพมหานคร,233.159259,กรุงเทพมหานคร
694,695,2023,2,2023,5,11,จ.สมุทรปราการ,239.2763409,สมุทรปราการ
695,696,2023,2,2023,5,12,จ.นนทบุรี,209.5342213,นนทบุรี
696,697,2023,2,2023,5,13,จ.ปทุมธานี,181.402784,ปทุมธานี
697,698,2023,2,2023,5,14,จ.พระนครศรีอยุธยา,181.7395491,พระนครศรีอยุธยา
698,699,2023,2,2023,5,15,จ.อ่างทอง,183.8327057,อ่างทอง
699,700,2023,2,2023,5,16,จ.ลพบุรี,207.1105268,ลพบุรี
700,701,2023,2,2023,5,17,จ.สิงห์บุรี,199.3918299,สิงห์บุรี
701,702,2023,2,2023,5,18,จ.ชัยนาท,202.4761328,ชัยนาท
702,703,2023,2,2023,5,19,จ.สระบุรี,228.2932834,สระบุรี
707,708,2023,2,2023,5,24,จ.ฉะเชิงเทรา,223.814389,ฉะเชิงเทรา
709,710,2023,2,2023,5,26,จ.นครนายก,215.2975335,นครนายก
748,749,2023,2,2023,5,70,จ.ราชบุรี,182.5412719,ราชบุรี
750,751,2023,2,2023,5,72,จ.สุพรรณบุรี,163.128886,สุพรรณบุรี
751,752,2023,2,2023,5,73,จ.นครปฐม,176.8970709,นครปฐม
752,753,2023,2,2023,5,74,จ.สมุทรสาคร,226.9373859,สมุทรสาคร
753,754,2023,2,2023,5,75,จ.สมุทรสงคราม,216.236,สมุทรสงคราม
754,755,2023,2,2023,5,76,จ.เพชรบุรี,151.6332989,เพชรบุรี
770,771,2023,2,2023,6,10,กรุงเทพมหานคร,115.4466998,กรุงเทพมหานคร
771,772,2023,2,2023,6,11,จ.สมุทรปราการ,116.9976621,สมุทรปราการ
772,773,2023,2,2023,6,12,จ.นนทบุรี,115.4948029,นนทบุรี
773,774,2023,2,2023,6,13,จ.ปทุมธานี,130.0541561,ปทุมธานี
774,775,2023,2,2023,6,14,จ.พระนครศรีอยุธยา,111.505446,พระนครศรีอยุธยา
775,776,2023,2,2023,6,15,จ.อ่างทอง,92.66521187,อ่างทอง
776,777,2023,2,2023,6,16,จ.ลพบุรี,127.3785588,ลพบุรี
777,778,2023,2,2023,6,17,จ.สิงห์บุรี,92.52841495,สิงห์บุรี
778,779,2023,2,2023,6,18,จ.ชัยนาท,97.2173064,ชัยนาท
779,780,2023,2,2023,6,19,จ.สระบุรี,99.08780655,สระบุรี
784,785,2023,2,2023,6,24,จ.ฉะเชิงเทรา,168.2829955,ฉะเชิงเทรา
786,787,2023,2,2023,6,26,จ.นครนายก,124.0555692,นครนายก
825,826,2023,2,2023,6,70,จ.ราชบุรี,90.40039014,ราชบุรี
827,828,2023,2,2023,6,72,จ.สุพรรณบุรี,89.82937573,สุพรรณบุรี
828,829,2023,2,2023,6,73,จ.นครปฐม,110.3338011,นครปฐม
829,830,2023,2,2023,6,74,จ.สมุทรสาคร,106.9335409,สมุทรสาคร
830,831,2023,2,2023,6,75,จ.สมุทรสงคราม,86.41660862,สมุทรสงคราม
831,832,2023,2,2023,6,76,จ.เพชรบุรี,64.77504874,เพชรบุรี
847,848,2023,2,2023,7,10,กรุงเทพมหานคร,68.28825824,กรุงเทพมหานคร
848,849,2023,2,2023,7,11,จ.สมุทรปราการ,49.65284625,สมุทรปราการ
849,850,2023,2,2023,7,12,จ.นนทบุรี,79.26574112,นนทบุรี
850,851,2023,2,2023,7,13,จ.ปทุมธานี,98.69169546,ปทุมธานี
851,852,2023,2,2023,7,14,จ.พระนครศรีอยุธยา,91.41453523,พระนครศรีอยุธยา
852,853,2023,2,2023,7,15,จ.อ่างทอง,85.57689544,อ่างทอง
853,854,2023,2,2023,7,16,จ.ลพบุรี,83.15565087,ลพบุรี
854,855,2023,2,2023,7,17,จ.สิงห์บุรี,104.3306771,สิงห์บุรี
855,856,2023,2,2023,7,18,จ.ชัยนาท,137.7902233,ชัยนาท
856,857,2023,2,2023,7,19,จ.สระบุรี,85.20838895,สระบุรี
861,862,2023,2,2023,7,24,จ.ฉะเชิงเทรา,132.0045097,ฉะเชิงเทรา
863,864,2023,2,2023,7,26,จ.นครนายก,171.8331137,นครนายก
902,903,2023,2,2023,7,70,จ.ราชบุรี,106.1102562,ราชบุรี
904,905,2023,2,2023,7,72,จ.สุพรรณบุรี,106.1870329,สุพรรณบุรี
905,906,2023,2,2023,7,73,จ.นครปฐม,79.17401891,นครปฐม
906,907,2023,2,2023,7,74,จ.สมุทรสาคร,69.57933613,สมุทรสาคร
907,908,2023,2,2023,7,75,จ.สมุทรสงคราม,114.1273043,สมุทรสงคราม
908,909,2023,2,2023,7,76,จ.เพชรบุรี,70.77125922,เพชรบุรี
924,925,2023,3,2023,3,10,กรุงเทพมหานคร,156.3168909,กรุงเทพมหานคร
925,926,2023,3,2023,3,11,จ.สมุทรปราการ,144.9018933,สมุทรปราการ
926,927,2023,3,2023,3,12,จ.นนทบุรี,157.2669794,นนทบุรี
927,928,2023,3,2023,3,13,จ.ปทุมธานี,166.8945664,ปทุมธานี
928,929,2023,3,2023,3,14,จ.พระนครศรีอยุธยา,157.3547513,พระนครศรีอยุธยา
929,930,2023,3,2023,3,15,จ.อ่างทอง,122.6504862,อ่างทอง
930,931,2023,3,2023,3,16,จ.ลพบุรี,77.1842078,ลพบุรี
931,932,2023,3,2023,3,17,จ.สิงห์บุรี,90.87302588,สิงห์บุรี
932,933,2023,3,2023,3,18,จ.ชัยนาท,64.3362423,ชัยนาท
933,934,2023,3,2023,3,19,จ.สระบุรี,122.8983923,สระบุรี
938,939,2023,3,2023,3,24,จ.ฉะเชิงเทรา,123.322351,ฉะเชิงเทรา
940,941,2023,3,2023,3,26,จ.นครนายก,120.5584431,นครนายก
979,980,2023,3,2023,3,70,จ.ราชบุรี,186.0932525,ราชบุรี
981,982,2023,3,2023,3,72,จ.สุพรรณบุรี,110.5674013,สุพรรณบุรี
982,983,2023,3,2023,3,73,จ.นครปฐม,136.3675461,นครปฐม
983,984,2023,3,2023,3,74,จ.สมุทรสาคร,157.7162934,สมุทรสาคร
984,985,2023,3,2023,3,75,จ.สมุทรสงคราม,196.1196523,สมุทรสงคราม
985,986,2023,3,2023,3,76,จ.เพชรบุรี,349.4985033,เพชรบุรี
1001,1002,2023,3,2023,4,10,กรุงเทพมหานคร,29.20181053,กรุงเทพมหานคร
1002,1003,2023,3,2023,4,11,จ.สมุทรปราการ,16.372338,สมุทรปราการ
1003,1004,2023,3,2023,4,12,จ.นนทบุรี,35.15480297,นนทบุรี
1004,1005,2023,3,2023,4,13,จ.ปทุมธานี,46.99973185,ปทุมธานี
1005,1006,2023,3,2023,4,14,จ.พระนครศรีอยุธยา,28.90693899,พระนครศรีอยุธยา
1006,1007,2023,3,2023,4,15,จ.อ่างทอง,18.81645885,อ่างทอง
1007,1008,2023,3,2023,4,16,จ.ลพบุรี,33.9353883,ลพบุรี
1008,1009,2023,3,2023,4,17,จ.สิงห์บุรี,24.61547554,สิงห์บุรี
1009,1010,2023,3,2023,4,18,จ.ชัยนาท,15.7435962,ชัยนาท
1010,1011,2023,3,2023,4,19,จ.สระบุรี,50.21295644,สระบุรี
1015,1016,2023,3,2023,4,24,จ.ฉะเชิงเทรา,62.43158591,ฉะเชิงเทรา
1017,1018,2023,3,2023,4,26,จ.นครนายก,50.86223767,นครนายก
1056,1057,2023,3,2023,4,70,จ.ราชบุรี,8.391087259,ราชบุรี
1058,1059,2023,3,2023,4,72,จ.สุพรรณบุรี,7.187308629,สุพรรณบุรี
1059,1060,2023,3,2023,4,73,จ.นครปฐม,12.19684181,นครปฐม
1060,1061,2023,3,2023,4,74,จ.สมุทรสาคร,14.72088525,สมุทรสาคร
1061,1062,2023,3,2023,4,75,จ.สมุทรสงคราม,10.60489856,สมุทรสงคราม
1062,1063,2023,3,2023,4,76,จ.เพชรบุรี,22.79715261,เพชรบุรี
1078,1079,2023,3,2023,5,10,กรุงเทพมหานคร,233.159259,กรุงเทพมหานคร
1079,1080,2023,3,2023,5,11,จ.สมุทรปราการ,239.2763409,สมุทรปราการ
1080,1081,2023,3,2023,5,12,จ.นนทบุรี,209.5342213,นนทบุรี
1081,1082,2023,3,2023,5,13,จ.ปทุมธานี,181.402784,ปทุมธานี
1082,1083,2023,3,2023,5,14,จ.พระนครศรีอยุธยา,181.7395491,พระนครศรีอยุธยา
1083,1084,2023,3,2023,5,15,จ.อ่างทอง,183.8327057,อ่างทอง
1084,1085,2023,3,2023,5,16,จ.ลพบุรี,207.1105268,ลพบุรี
1085,1086,2023,3,2023,5,17,จ.สิงห์บุรี,199.3918299,สิงห์บุรี
1086,1087,2023,3,2023,5,18,จ.ชัยนาท,202.4761328,ชัยนาท
1087,1088,2023,3,2023,5,19,จ.สระบุรี,228.2932834,สระบุรี
1092,1093,2023,3,2023,5,24,จ.ฉะเชิงเทรา,223.814389,ฉะเชิงเทรา
1094,1095,2023,3,2023,5,26,จ.นครนายก,215.2975335,นครนายก
1133,1134,2023,3,2023,5,70,จ.ราชบุรี,182.5412719,ราชบุรี
1135,1136,2023,3,2023,5,72,จ.สุพรรณบุรี,163.128886,สุพรรณบุรี
1136,1137,2023,3,2023,5,73,จ.นครปฐม,176.8970709,นครปฐม
1137,1138,2023,3,2023,5,74,จ.สมุทรสาคร,226.9373859,สมุทรสาคร
1138,1139,2023,3,2023,5,75,จ.สมุทรสงคราม,216.236,สมุทรสงคราม
1139,1140,2023,3,2023,5,76,จ.เพชรบุรี,151.6332989,เพชรบุรี
1155,1156,2023,3,2023,6,10,กรุงเทพมหานคร,115.4466998,กรุงเทพมหานคร
1156,1157,2023,3,2023,6,11,จ.สมุทรปราการ,116.9976621,สมุทรปราการ
1157,1158,2023,3,2023,6,12,จ.นนทบุรี,115.4948029,นนทบุรี
1158,1159,2023,3,2023,6,13,จ.ปทุมธานี,130.0541561,ปทุมธานี
1159,1160,2023,3,2023,6,14,จ.พระนครศรีอยุธยา,111.505446,พระนครศรีอยุธยา
1160,1161,2023,3,2023,6,15,จ.อ่างทอง,92.66521187,อ่างทอง
1161,1162,2023,3,2023,6,16,จ.ลพบุรี,127.3785588,ลพบุรี
1162,1163,2023,3,2023,6,17,จ.สิงห์บุรี,92.52841495,สิงห์บุรี
1163,1164,2023,3,2023,6,18,จ.ชัยนาท,97.2173064,ชัยนาท
1164,1165,2023,3,2023,6,19,จ.สระบุรี,99.08780655,สระบุรี
1169,1170,2023,3,2023,6,24,จ.ฉะเชิงเทรา,168.2829955,ฉะเชิงเทรา
1171,1172,2023,3,2023,6,26,จ.นครนายก,124.0555692,นครนายก
1210,1211,2023,3,2023,6,70,จ.ราชบุรี,90.40039014,ราชบุรี
1212,1213,2023,3,2023,6,72,จ.สุพรรณบุรี,89.82937573,สุพรรณบุรี
1213,1214,2023,3,2023,6,73,จ.นครปฐม,110.3338011,นครปฐม
1214,1215,2023,3,2023,6,74,จ.สมุทรสาคร,106.9335409,สมุทรสาคร
1215,1216,2023,3,2023,6,75,จ.สมุทรสงคราม,86.41660862,สมุทรสงคราม
1216,1217,2023,3,2023,6,76,จ.เพชรบุรี,64.77504874,เพชรบุรี
1232,1233,2023,3,2023,7,10,กรุงเทพมหานคร,68.28825824,กรุงเทพมหานคร
1233,1234,2023,3,2023,7,11,จ.สมุทรปราการ,49.65284625,สมุทรปราการ
1234,1235,2023,3,2023,7,12,จ.นนทบุรี,79.26574112,นนทบุรี
1235,1236,2023,3,2023,7,13,จ.ปทุมธานี,98.69169546,ปทุมธานี
1236,1237,2023,3,2023,7,14,จ.พระนครศรีอยุธยา,91.41453523,พระนครศรีอยุธยา
1237,1238,2023,3,2023,7,15,จ.อ่างทอง,85.57689544,อ่างทอง
1238,1239,2023,3,2023,7,16,จ.ลพบุรี,83.15565087,ลพบุรี
1239,1240,2023,3,2023,7,17,จ.สิงห์บุรี,104.3306771,สิงห์บุรี
1240,1241,2023,3,2023,7,18,จ.ชัยนาท,137.7902233,ชัยนาท
1241,1242,2023,3,2023,7,19,จ.สระบุรี,85.20838895,สระบุรี
1246,1247,2023,3,2023,7,24,จ.ฉะเชิงเทรา,132.0045097,ฉะเชิงเทรา
1248,1249,2023,3,2023,7,26,จ.นครนายก,171.8331137,นครนายก
1287,1288,2023,3,2023,7,70,จ.ราชบุรี,106.1102562,ราชบุรี
1289,1290,2023,3,2023,7,72,จ.สุพรรณบุรี,106.1870329,สุพรรณบุรี
1290,1291,2023,3,2023,7,73,จ.นครปฐม,79.17401891,นครปฐม
1291,1292,2023,3,2023,7,74,จ.สมุทรสาคร,69.57933613,สมุทรสาคร
1292,1293,2023,3,2023,7,75,จ.สมุทรสงคราม,114.1273043,สมุทรสงคราม
1293,1294,2023,3,2023,7,76,จ.เพชรบุรี,70.77125922,เพชรบุรี
1309,1310,2023,3,2023,8,10,กรุงเทพมหานคร,146.2998241,กรุงเทพมหานคร
1310,1311,2023,3,2023,8,11,จ.สมุทรปราการ,162.8922999,สมุทรปราการ
1311,1312,2023,3,2023,8,12,จ.นนทบุรี,131.7257599,นนทบุรี
1312,1313,2023,3,2023,8,13,จ.ปทุมธานี,138.2054338,ปทุมธานี
1313,1314,2023,3,2023,8,14,จ.พระนครศรีอยุธยา,116.881324,พระนครศรีอยุธยา
1314,1315,2023,3,2023,8,15,จ.อ่างทอง,89.61110966,อ่างทอง
1315,1316,2023,3,2023,8,16,จ.ลพบุรี,133.1575105,ลพบุรี
1316,1317,2023,3,2023,8,17,จ.สิงห์บุรี,88.93737752,สิงห์บุรี
1317,1318,2023,3,2023,8,18,จ.ชัยนาท,91.50720669,ชัยนาท
1318,1319,2023,3,2023,8,19,จ.สระบุรี,114.3636955,สระบุรี
1323,1324,2023,3,2023,8,24,จ.ฉะเชิงเทรา,173.9053721,ฉะเชิงเทรา
1325,1326,2023,3,2023,8,26,จ.นครนายก,174.2902849,นครนายก
1364,1365,2023,3,2023,8,70,จ.ราชบุรี,63.58694135,ราชบุรี
1366,1367,2023,3,2023,8,72,จ.สุพรรณบุรี,94.5347805,สุพรรณบุรี
1367,1368,2023,3,2023,8,73,จ.นครปฐม,110.5713135,นครปฐม
1368,1369,2023,3,2023,8,74,จ.สมุทรสาคร,129.4234856,สมุทรสาคร
1369,1370,2023,3,2023,8,75,จ.สมุทรสงคราม,67.11950729,สมุทรสงคราม
1370,1371,2023,3,2023,8,76,จ.เพชรบุรี,99.13540094,เพชรบุรี
1386,1387,2023,4,2023,4,10,กรุงเทพมหานคร,29.20181053,กรุงเทพมหานคร
1387,1388,2023,4,2023,4,11,จ.สมุทรปราการ,16.372338,สมุทรปราการ
1388,1389,2023,4,2023,4,12,จ.นนทบุรี,35.15480297,นนทบุรี
1389,1390,2023,4,2023,4,13,จ.ปทุมธานี,46.99973185,ปทุมธานี
1390,1391,2023,4,2023,4,14,จ.พระนครศรีอยุธยา,28.90693899,พระนครศรีอยุธยา
1391,1392,2023,4,2023,4,15,จ.อ่างทอง,18.81645885,อ่างทอง
1392,1393,2023,4,2023,4,16,จ.ลพบุรี,33.9353883,ลพบุรี
1393,1394,2023,4,2023,4,17,จ.สิงห์บุรี,24.61547554,สิงห์บุรี
1394,1395,2023,4,2023,4,18,จ.ชัยนาท,15.7435962,ชัยนาท
1395,1396,2023,4,2023,4,19,จ.สระบุรี,50.21295644,สระบุรี
1400,1401,2023,4,2023,4,24,จ.ฉะเชิงเทรา,62.43158591,ฉะเชิงเทรา
1402,1403,2023,4,2023,4,26,จ.นครนายก,50.86223767,นครนายก
1441,1442,2023,4,2023,4,70,จ.ราชบุรี,8.391087259,ราชบุรี
1443,1444,2023,4,2023,4,72,จ.สุพรรณบุรี,7.187308629,สุพรรณบุรี
1444,1445,2023,4,2023,4,73,จ.นครปฐม,12.19684181,นครปฐม
1445,1446,2023,4,2023,4,74,จ.สมุทรสาคร,14.72088525,สมุทรสาคร
1446,1447,2023,4,2023,4,75,จ.สมุทรสงคราม,10.60489856,สมุทรสงคราม
1447,1448,2023,4,2023,4,76,จ.เพชรบุรี,22.79715261,เพชรบุรี
1463,1464,2023,4,2023,5,10,กรุงเทพมหานคร,233.159259,กรุงเทพมหานคร
1464,1465,2023,4,2023,5,11,จ.สมุทรปราการ,239.2763409,สมุทรปราการ
1465,1466,2023,4,2023,5,12,จ.นนทบุรี,209.5342213,นนทบุรี
1466,1467,2023,4,2023,5,13,จ.ปทุมธานี,181.402784,ปทุมธานี
1467,1468,2023,4,2023,5,14,จ.พระนครศรีอยุธยา,181.7395491,พระนครศรีอยุธยา
1468,1469,2023,4,2023,5,15,จ.อ่างทอง,183.8327057,อ่างทอง
1469,1470,2023,4,2023,5,16,จ.ลพบุรี,207.1105268,ลพบุรี
1470,1471,2023,4,2023,5,17,จ.สิงห์บุรี,199.3918299,สิงห์บุรี
1471,1472,2023,4,2023,5,18,จ.ชัยนาท,202.4761328,ชัยนาท
1472,1473,2023,4,2023,5,19,จ.สระบุรี,228.2932834,สระบุรี
1477,1478,2023,4,2023,5,24,จ.ฉะเชิงเทรา,223.814389,ฉะเชิงเทรา
1479,1480,2023,4,2023,5,26,จ.นครนายก,215.2975335,นครนายก
1518,1519,2023,4,2023,5,70,จ.ราชบุรี,182.5412719,ราชบุรี
1520,1521,2023,4,2023,5,72,จ.สุพรรณบุรี,163.128886,สุพรรณบุรี
1521,1522,2023,4,2023,5,73,จ.นครปฐม,176.8970709,นครปฐม
1522,1523,2023,4,2023,5,74,จ.สมุทรสาคร,226.9373859,สมุทรสาคร
1523,1524,2023,4,2023,5,75,จ.สมุทรสงคราม,216.236,สมุทรสงคราม
1524,1525,2023,4,2023,5,76,จ.เพชรบุรี,151.6332989,เพชรบุรี
1540,1541,2023,4,2023,6,10,กรุงเทพมหานคร,115.4466998,กรุงเทพมหานคร
1541,1542,2023,4,2023,6,11,จ.สมุทรปราการ,116.9976621,สมุทรปราการ
1542,1543,2023,4,2023,6,12,จ.นนทบุรี,115.4948029,นนทบุรี
1543,1544,2023,4,2023,6,13,จ.ปทุมธานี,130.0541561,ปทุมธานี
1544,1545,2023,4,2023,6,14,จ.พระนครศรีอยุธยา,111.505446,พระนครศรีอยุธยา
1545,1546,2023,4,2023,6,15,จ.อ่างทอง,92.66521187,อ่างทอง
1546,1547,2023,4,2023,6,16,จ.ลพบุรี,127.3785588,ลพบุรี
1547,1548,2023,4,2023,6,17,จ.สิงห์บุรี,92.52841495,สิงห์บุรี
1548,1549,2023,4,2023,6,18,จ.ชัยนาท,97.2173064,ชัยนาท
1549,1550,2023,4,2023,6,19,จ.สระบุรี,99.08780655,สระบุรี
1554,1555,2023,4,2023,6,24,จ.ฉะเชิงเทรา,168.2829955,ฉะเชิงเทรา
1556,1557,2023,4,2023,6,26,จ.นครนายก,124.0555692,นครนายก
1595,1596,2023,4,2023,6,70,จ.ราชบุรี,90.40039014,ราชบุรี
1597,1598,2023,4,2023,6,72,จ.สุพรรณบุรี,89.82937573,สุพรรณบุรี
1598,1599,2023,4,2023,6,73,จ.นครปฐม,110.3338011,นครปฐม
1599,1600,2023,4,2023,6,74,จ.สมุทรสาคร,106.9335409,สมุทรสาคร
1600,1601,2023,4,2023,6,75,จ.สมุทรสงคราม,86.41660862,สมุทรสงคราม
1601,1602,2023,4,2023,6,76,จ.เพชรบุรี,64.77504874,เพชรบุรี
1617,1618,2023,4,2023,7,10,กรุงเทพมหานคร,68.28825824,กรุงเทพมหานคร
1618,1619,2023,4,2023,7,11,จ.สมุทรปราการ,49.65284625,สมุทรปราการ
1619,1620,2023,4,2023,7,12,จ.นนทบุรี,79.26574112,นนทบุรี
1620,1621,2023,4,2023,7,13,จ.ปทุมธานี,98.69169546,ปทุมธานี
1621,1622,2023,4,2023,7,14,จ.พระนครศรีอยุธยา,91.41453523,พระนครศรีอยุธยา
1622,1623,2023,4,2023,7,15,จ.อ่างทอง,85.57689544,อ่างทอง
1623,1624,2023,4,2023,7,16,จ.ลพบุรี,83.15565087,ลพบุรี
1624,1625,2023,4,2023,7,17,จ.สิงห์บุรี,104.3306771,สิงห์บุรี
1625,1626,2023,4,2023,7,18,จ.ชัยนาท,137.7902233,ชัยนาท
1626,1627,2023,4,2023,7,19,จ.สระบุรี,85.20838895,สระบุรี
1631,1632,2023,4,2023,7,24,จ.ฉะเชิงเทรา,132.0045097,ฉะเชิงเทรา
1633,1634,2023,4,2023,7,26,จ.นครนายก,171.8331137,นครนายก
1672,1673,2023,4,2023,7,70,จ.ราชบุรี,106.1102562,ราชบุรี
1674,1675,2023,4,2023,7,72,จ.สุพรรณบุรี,106.1870329,สุพรรณบุรี
1675,1676,2023,4,2023,7,73,จ.นครปฐม,79.17401891,นครปฐม
1676,1677,2023,4,2023,7,74,จ.สมุทรสาคร,69.57933613,สมุทรสาคร
1677,1678,2023,4,2023,7,75,จ.สมุทรสงคราม,114.1273043,สมุทรสงคราม
1678,1679,2023,4,2023,7,76,จ.เพชรบุรี,70.77125922,เพชรบุรี
1694,1695,2023,4,2023,8,10,กรุงเทพมหานคร,146.2998241,กรุงเทพมหานคร
1695,1696,2023,4,2023,8,11,จ.สมุทรปราการ,162.8922999,สมุทรปราการ
1696,1697,2023,4,2023,8,12,จ.นนทบุรี,131.7257599,นนทบุรี
1697,1698,2023,4,2023,8,13,จ.ปทุมธานี,138.2054338,ปทุมธานี
1698,1699,2023,4,2023,8,14,จ.พระนครศรีอยุธยา,116.881324,พระนครศรีอยุธยา
1699,1700,2023,4,2023,8,15,จ.อ่างทอง,89.61110966,อ่างทอง
1700,1701,2023,4,2023,8,16,จ.ลพบุรี,133.1575105,ลพบุรี
1701,1702,2023,4,2023,8,17,จ.สิงห์บุรี,88.93737752,สิงห์บุรี
1702,1703,2023,4,2023,8,18,จ.ชัยนาท,91.50720669,ชัยนาท
1703,1704,2023,4,2023,8,19,จ.สระบุรี,114.3636955,สระบุรี
1708,1709,2023,4,2023,8,24,จ.ฉะเชิงเทรา,173.9053721,ฉะเชิงเทรา
1710,1711,2023,4,2023,8,26,จ.นครนายก,174.2902849,นครนายก
1749,1750,2023,4,2023,8,70,จ.ราชบุรี,63.58694135,ราชบุรี
1751,1752,2023,4,2023,8,72,จ.สุพรรณบุรี,94.5347805,สุพรรณบุรี
1752,1753,2023,4,2023,8,73,จ.นครปฐม,110.5713135,นครปฐม
1753,1754,2023,4,2023,8,74,จ.สมุทรสาคร,129.4234856,สมุทรสาคร
1754,1755,2023,4,2023,8,75,จ.สมุทรสงคราม,67.11950729,สมุทรสงคราม
1755,1756,2023,4,2023,8,76,จ.เพชรบุรี,99.13540094,เพชรบุรี
1771,1772,2023,4,2023,9,10,กรุงเทพมหานคร,359.8683038,กรุงเทพมหานคร
1772,1773,2023,4,2023,9,11,จ.สมุทรปราการ,336.9566327,สมุทรปราการ
1773,1774,2023,4,2023,9,12,จ.นนทบุรี,323.4897001,นนทบุรี
1774,1775,2023,4,2023,9,13,จ.ปทุมธานี,257.1813646,ปทุมธานี
1775,1776,2023,4,2023,9,14,จ.พระนครศรีอยุธยา,167.7593426,พระนครศรีอยุธยา
1776,1777,2023,4,2023,9,15,จ.อ่างทอง,140.870162,อ่างทอง
1777,1778,2023,4,2023,9,16,จ.ลพบุรี,178.1375345,ลพบุรี
1778,1779,2023,4,2023,9,17,จ.สิงห์บุรี,155.9275073,สิงห์บุรี
1779,1780,2023,4,2023,9,18,จ.ชัยนาท,171.1003988,ชัยนาท
1780,1781,2023,4,2023,9,19,จ.สระบุรี,136.6184741,สระบุรี
1785,1786,2023,4,2023,9,24,จ.ฉะเชิงเทรา,198.1129793,ฉะเชิงเทรา
1787,1788,2023,4,2023,9,26,จ.นครนายก,175.9660939,นครนายก
1826,1827,2023,4,2023,9,70,จ.ราชบุรี,242.1317059,ราชบุรี
1828,1829,2023,4,2023,9,72,จ.สุพรรณบุรี,161.1531923,สุพรรณบุรี
1829,1830,2023,4,2023,9,73,จ.นครปฐม,267.8754445,นครปฐม
1830,1831,2023,4,2023,9,74,จ.สมุทรสาคร,335.3764732,สมุทรสาคร
1831,1832,2023,4,2023,9,75,จ.สมุทรสงคราม,277.7440289,สมุทรสงคราม
1832,1833,2023,4,2023,9,76,จ.เพชรบุรี,176.0546556,เพชรบุรี
1848,1849,2023,5,2023,5,10,กรุงเทพมหานคร,233.159259,กรุงเทพมหานคร
1849,1850,2023,5,2023,5,11,จ.สมุทรปราการ,239.2763409,สมุทรปราการ
1850,1851,2023,5,2023,5,12,จ.นนทบุรี,209.5342213,นนทบุรี
1851,1852,2023,5,2023,5,13,จ.ปทุมธานี,181.402784,ปทุมธานี
1852,1853,2023,5,2023,5,14,จ.พระนครศรีอยุธยา,181.7395491,พระนครศรีอยุธยา
1853,1854,2023,5,2023,5,15,จ.อ่างทอง,183.8327057,อ่างทอง
1854,1855,2023,5,2023,5,16,จ.ลพบุรี,207.1105268,ลพบุรี
1855,1856,2023,5,2023,5,17,จ.สิงห์บุรี,199.3918299,สิงห์บุรี
1856,1857,2023,5,2023,5,18,จ.ชัยนาท,202.4761328,ชัยนาท
1857,1858,2023,5,2023,5,19,จ.สระบุรี,228.2932834,สระบุรี
1862,1863,2023,5,2023,5,24,จ.ฉะเชิงเทรา,223.814389,ฉะเชิงเทรา
1864,1865,2023,5,2023,5,26,จ.นครนายก,215.2975335,นครนายก
1903,1904,2023,5,2023,5,70,จ.ราชบุรี,182.5412719,ราชบุรี
1905,1906,2023,5,2023,5,72,จ.สุพรรณบุรี,163.128886,สุพรรณบุรี
1906,1907,2023,5,2023,5,73,จ.นครปฐม,176.8970709,นครปฐม
1907,1908,2023,5,2023,5,74,จ.สมุทรสาคร,226.9373859,สมุทรสาคร
1908,1909,2023,5,2023,5,75,จ.สมุทรสงคราม,216.236,สมุทรสงคราม
1909,1910,2023,5,2023,5,76,จ.เพชรบุรี,151.6332989,เพชรบุรี
1925,1926,2023,5,2023,6,10,กรุงเทพมหานคร,115.4466998,กรุงเทพมหานคร
1926,1927,2023,5,2023,6,11,จ.สมุทรปราการ,116.9976621,สมุทรปราการ
1927,1928,2023,5,2023,6,12,จ.นนทบุรี,115.4948029,นนทบุรี
1928,1929,2023,5,2023,6,13,จ.ปทุมธานี,130.0541561,ปทุมธานี
1929,1930,2023,5,2023,6,14,จ.พระนครศรีอยุธยา,111.505446,พระนครศรีอยุธยา
1930,1931,2023,5,2023,6,15,จ.อ่างทอง,92.66521187,อ่างทอง
1931,1932,2023,5,2023,6,16,จ.ลพบุรี,127.3785588,ลพบุรี
1932,1933,2023,5,2023,6,17,จ.สิงห์บุรี,92.52841495,สิงห์บุรี
1933,1934,2023,5,2023,6,18,จ.ชัยนาท,97.2173064,ชัยนาท
1934,1935,2023,5,2023,6,19,จ.สระบุรี,99.08780655,สระบุรี
1939,1940,2023,5,2023,6,24,จ.ฉะเชิงเทรา,168.2829955,ฉะเชิงเทรา
1941,1942,2023,5,2023,6,26,จ.นครนายก,124.0555692,นครนายก
1980,1981,2023,5,2023,6,70,จ.ราชบุรี,90.40039014,ราชบุรี
1982,1983,2023,5,2023,6,72,จ.สุพรรณบุรี,89.82937573,สุพรรณบุรี
1983,1984,2023,5,2023,6,73,จ.นครปฐม,110.3338011,นครปฐม
1984,1985,2023,5,2023,6,74,จ.สมุทรสาคร,106.9335409,สมุทรสาคร
1985,1986,2023,5,2023,6,75,จ.สมุทรสงคราม,86.41660862,สมุทรสงคราม
1986,1987,2023,5,2023,6,76,จ.เพชรบุรี,64.77504874,เพชรบุรี
2002,2003,2023,5,2023,7,10,กรุงเทพมหานคร,68.28825824,กรุงเทพมหานคร
2003,2004,2023,5,2023,7,11,จ.สมุทรปราการ,49.65284625,สมุทรปราการ
2004,2005,2023,5,2023,7,12,จ.นนทบุรี,79.26574112,นนทบุรี
2005,2006,2023,5,2023,7,13,จ.ปทุมธานี,98.69169546,ปทุมธานี
2006,2007,2023,5,2023,7,14,จ.พระนครศรีอยุธยา,91.41453523,พระนครศรีอยุธยา
2007,2008,2023,5,2023,7,15,จ.อ่างทอง,85.57689544,อ่างทอง
2008,2009,2023,5,2023,7,16,จ.ลพบุรี,83.15565087,ลพบุรี
2009,2010,2023,5,2023,7,17,จ.สิงห์บุรี,104.3306771,สิงห์บุรี
2010,2011,2023,5,2023,7,18,จ.ชัยนาท,137.7902233,ชัยนาท
2011,2012,2023,5,2023,7,19,จ.สระบุรี,85.20838895,สระบุรี
2016,2017,2023,5,2023,7,24,จ.ฉะเชิงเทรา,132.0045097,ฉะเชิงเทรา
2018,2019,2023,5,2023,7,26,จ.นครนายก,171.8331137,นครนายก
2057,2058,2023,5,2023,7,70,จ.ราชบุรี,106.1102562,ราชบุรี
2059,2060,2023,5,2023,7,72,จ.สุพรรณบุรี,106.1870329,สุพรรณบุรี
2060,2061,2023,5,2023,7,73,จ.นครปฐม,79.17401891,นครปฐม
2061,2062,2023,5,2023,7,74,จ.สมุทรสาคร,69.57933613,สมุทรสาคร
2062,2063,2023,5,2023,7,75,จ.สมุทรสงคราม,114.1273043,สมุทรสงคราม
2063,2064,2023,5,2023,7,76,จ.เพชรบุรี,70.77125922,เพชรบุรี
2079,2080,2023,5,2023,8,10,กรุงเทพมหานคร,146.2998241,กรุงเทพมหานคร
2080,2081,2023,5,2023,8,11,จ.สมุทรปราการ,162.8922999,สมุทรปราการ
2081,2082,2023,5,2023,8,12,จ.นนทบุรี,131.7257599,นนทบุรี
2082,2083,2023,5,2023,8,13,จ.ปทุมธานี,138.2054338,ปทุมธานี
2083,2084,2023,5,2023,8,14,จ.พระนครศรีอยุธยา,116.881324,พระนครศรีอยุธยา
2084,2085,2023,5,2023,8,15,จ.อ่างทอง,89.61110966,อ่างทอง
2085,2086,2023,5,2023,8,16,จ.ลพบุรี,133.1575105,ลพบุรี
2086,2087,2023,5,2023,8,17,จ.สิงห์บุรี,88.93737752,สิงห์บุรี
2087,2088,2023,5,2023,8,18,จ.ชัยนาท,91.50720669,ชัยนาท
2088,2089,2023,5,2023,8,19,จ.สระบุรี,114.3636955,สระบุรี
2093,2094,2023,5,2023,8,24,จ.ฉะเชิงเทรา,173.9053721,ฉะเชิงเทรา
2095,2096,2023,5,2023,8,26,จ.นครนายก,174.2902849,นครนายก
2134,2135,2023,5,2023,8,70,จ.ราชบุรี,63.58694135,ราชบุรี
2136,2137,2023,5,2023,8,72,จ.สุพรรณบุรี,94.5347805,สุพรรณบุรี
2137,2138,2023,5,2023,8,73,จ.นครปฐม,110.5713135,นครปฐม
2138,2139,2023,5,2023,8,74,จ.สมุทรสาคร,129.4234856,สมุทรสาคร
2139,2140,2023,5,2023,8,75,จ.สมุทรสงคราม,67.11950729,สมุทรสงคราม
2140,2141,2023,5,2023,8,76,จ.เพชรบุรี,99.13540094,เพชรบุรี
2156,2157,2023,5,2023,9,10,กรุงเทพมหานคร,359.8683038,กรุงเทพมหานคร
2157,2158,2023,5,2023,9,11,จ.สมุทรปราการ,336.9566327,สมุทรปราการ
2158,2159,2023,5,2023,9,12,จ.นนทบุรี,323.4897001,นนทบุรี
2159,2160,2023,5,2023,9,13,จ.ปทุมธานี,257.1813646,ปทุมธานี
2160,2161,2023,5,2023,9,14,จ.พระนครศรีอยุธยา,167.7593426,พระนครศรีอยุธยา
2161,2162,2023,5,2023,9,15,จ.อ่างทอง,140.870162,อ่างทอง
2162,2163,2023,5,2023,9,16,จ.ลพบุรี,178.1375345,ลพบุรี
2163,2164,2023,5,2023,9,17,จ.สิงห์บุรี,155.9275073,สิงห์บุรี
2164,2165,2023,5,2023,9,18,จ.ชัยนาท,171.1003988,ชัยนาท
2165,2166,2023,5,2023,9,19,จ.สระบุรี,136.6184741,สระบุรี
2170,2171,2023,5,2023,9,24,จ.ฉะเชิงเทรา,198.1129793,ฉะเชิงเทรา
2172,2173,2023,5,2023,9,26,จ.นครนายก,175.9660939,นครนายก
2211,2212,2023,5,2023,9,70,จ.ราชบุรี,242.1317059,ราชบุรี
2213,2214,2023,5,2023,9,72,จ.สุพรรณบุรี,161.1531923,สุพรรณบุรี
2214,2215,2023,5,2023,9,73,จ.นครปฐม,267.8754445,นครปฐม
2215,2216,2023,5,2023,9,74,จ.สมุทรสาคร,335.3764732,สมุทรสาคร
2216,2217,2023,5,2023,9,75,จ.สมุทรสงคราม,277.7440289,สมุทรสงคราม
2217,2218,2023,5,2023,9,76,จ.เพชรบุรี,176.0546556,เพชรบุรี
2233,2234,2023,5,2023,10,10,กรุงเทพมหานคร,396.8567074,กรุงเทพมหานคร
2234,2235,2023,5,2023,10,11,จ.สมุทรปราการ,393.5737104,สมุทรปราการ
2235,2236,2023,5,2023,10,12,จ.นนทบุรี,358.3823837,นนทบุรี
2236,2237,2023,5,2023,10,13,จ.ปทุมธานี,277.5667276,ปทุมธานี
2237,2238,2023,5,2023,10,14,จ.พระนครศรีอยุธยา,194.3838922,พระนครศรีอยุธยา
2238,2239,2023,5,2023,10,15,จ.อ่างทอง,179.9943517,อ่างทอง
2239,2240,2023,5,2023,10,16,จ.ลพบุรี,140.7245236,ลพบุรี
2240,2241,2023,5,2023,10,17,จ.สิงห์บุรี,150.6531122,สิงห์บุรี
2241,2242,2023,5,2023,10,18,จ.ชัยนาท,136.8236389,ชัยนาท
2242,2243,2023,5,2023,10,19,จ.สระบุรี,139.5098706,สระบุรี
2247,2248,2023,5,2023,10,24,จ.ฉะเชิงเทรา,208.6601762,ฉะเชิงเทรา
2249,2250,2023,5,2023,10,26,จ.นครนายก,206.258806,นครนายก
2288,2289,2023,5,2023,10,70,จ.ราชบุรี,293.832066,ราชบุรี
2290,2291,2023,5,2023,10,72,จ.สุพรรณบุรี,236.2996933,สุพรรณบุรี
2291,2292,2023,5,2023,10,73,จ.นครปฐม,343.5813248,นครปฐม
2292,2293,2023,5,2023,10,74,จ.สมุทรสาคร,392.5244261,สมุทรสาคร
2293,2294,2023,5,2023,10,75,จ.สมุทรสงคราม,320.4849275,สมุทรสงคราม
2294,2295,2023,5,2023,10,76,จ.เพชรบุรี,302.2282036,เพชรบุรี
2310,2311,2023,6,2023,6,10,กรุงเทพมหานคร,115.4466998,กรุงเทพมหานคร
2311,2312,2023,6,2023,6,11,จ.สมุทรปราการ,116.9976621,สมุทรปราการ
2312,2313,2023,6,2023,6,12,จ.นนทบุรี,115.4948029,นนทบุรี
2313,2314,2023,6,2023,6,13,จ.ปทุมธานี,130.0541561,ปทุมธานี
2314,2315,2023,6,2023,6,14,จ.พระนครศรีอยุธยา,111.505446,พระนครศรีอยุธยา
2315,2316,2023,6,2023,6,15,จ.อ่างทอง,92.66521187,อ่างทอง
2316,2317,2023,6,2023,6,16,จ.ลพบุรี,127.3785588,ลพบุรี
2317,2318,2023,6,2023,6,17,จ.สิงห์บุรี,92.52841495,สิงห์บุรี
2318,2319,2023,6,2023,6,18,จ.ชัยนาท,97.2173064,ชัยนาท
2319,2320,2023,6,2023,6,19,จ.สระบุรี,99.08780655,สระบุรี
2324,2325,2023,6,2023,6,24,จ.ฉะเชิงเทรา,168.2829955,ฉะเชิงเทรา
2326,2327,2023,6,2023,6,26,จ.นครนายก,124.0555692,นครนายก
2365,2366,2023,6,2023,6,70,จ.ราชบุรี,90.40039014,ราชบุรี
2367,2368,2023,6,2023,6,72,จ.สุพรรณบุรี,89.82937573,สุพรรณบุรี
2368,2369,2023,6,2023,6,73,จ.นครปฐม,110.3338011,นครปฐม
2369,2370,2023,6,2023,6,74,จ.สมุทรสาคร,106.9335409,สมุทรสาคร
2370,2371,2023,6,2023,6,75,จ.สมุทรสงคราม,86.41660862,สมุทรสงคราม
2371,2372,2023,6,2023,6,76,จ.เพชรบุรี,64.77504874,เพชรบุรี
2387,2388,2023,6,2023,7,10,กรุงเทพมหานคร,68.28825824,กรุงเทพมหานคร
2388,2389,2023,6,2023,7,11,จ.สมุทรปราการ,49.65284625,สมุทรปราการ
2389,2390,2023,6,2023,7,12,จ.นนทบุรี,79.26574112,นนทบุรี
2390,2391,2023,6,2023,7,13,จ.ปทุมธานี,98.69169546,ปทุมธานี
2391,2392,2023,6,2023,7,14,จ.พระนครศรีอยุธยา,91.41453523,พระนครศรีอยุธยา
2392,2393,2023,6,2023,7,15,จ.อ่างทอง,85.57689544,อ่างทอง
2393,2394,2023,6,2023,7,16,จ.ลพบุรี,83.15565087,ลพบุรี
2394,2395,2023,6,2023,7,17,จ.สิงห์บุรี,104.3306771,สิงห์บุรี
2395,2396,2023,6,2023,7,18,จ.ชัยนาท,137.7902233,ชัยนาท
2396,2397,2023,6,2023,7,19,จ.สระบุรี,85.20838895,สระบุรี
2401,2402,2023,6,2023,7,24,จ.ฉะเชิงเทรา,132.0045097,ฉะเชิงเทรา
2403,2404,2023,6,2023,7,26,จ.นครนายก,171.8331137,นครนายก
2442,2443,2023,6,2023,7,70,จ.ราชบุรี,106.1102562,ราชบุรี
2444,2445,2023,6,2023,7,72,จ.สุพรรณบุรี,106.1870329,สุพรรณบุรี
2445,2446,2023,6,2023,7,73,จ.นครปฐม,79.17401891,นครปฐม
2446,2447,2023,6,2023,7,74,จ.สมุทรสาคร,69.57933613,สมุทรสาคร
2447,2448,2023,6,2023,7,75,จ.สมุทรสงคราม,114.1273043,สมุทรสงคราม
2448,2449,2023,6,2023,7,76,จ.เพชรบุรี,70.77125922,เพชรบุรี
2464,2465,2023,6,2023,8,10,กรุงเทพมหานคร,146.2998241,กรุงเทพมหานคร
2465,2466,2023,6,2023,8,11,จ.สมุทรปราการ,162.8922999,สมุทรปราการ
2466,2467,2023,6,2023,8,12,จ.นนทบุรี,131.7257599,นนทบุรี
2467,2468,2023,6,2023,8,13,จ.ปทุมธานี,138.2054338,ปทุมธานี
2468,2469,2023,6,2023,8,14,จ.พระนครศรีอยุธยา,116.881324,พระนครศรีอยุธยา
2469,2470,2023,6,2023,8,15,จ.อ่างทอง,89.61110966,อ่างทอง
2470,2471,2023,6,2023,8,16,จ.ลพบุรี,133.1575105,ลพบุรี
2471,2472,2023,6,2023,8,17,จ.สิงห์บุรี,88.93737752,สิงห์บุรี
2472,2473,2023,6,2023,8,18,จ.ชัยนาท,91.50720669,ชัยนาท
2473,2474,2023,6,2023,8,19,จ.สระบุรี,114.3636955,สระบุรี
2478,2479,2023,6,2023,8,24,จ.ฉะเชิงเทรา,173.9053721,ฉะเชิงเทรา
2480,2481,2023,6,2023,8,26,จ.นครนายก,174.2902849,นครนายก
2519,2520,2023,6,2023,8,70,จ.ราชบุรี,63.58694135,ราชบุรี
2521,2522,2023,6,2023,8,72,จ.สุพรรณบุรี,94.5347805,สุพรรณบุรี
2522,2523,2023,6,2023,8,73,จ.นครปฐม,110.5713135,นครปฐม
2523,2524,2023,6,2023,8,74,จ.สมุทรสาคร,129.4234856,สมุทรสาคร
2524,2525,2023,6,2023,8,75,จ.สมุทรสงคราม,67.11950729,สมุทรสงคราม
2525,2526,2023,6,2023,8,76,จ.เพชรบุรี,99.13540094,เพชรบุรี
2541,2542,2023,6,2023,9,10,กรุงเทพมหานคร,359.8683038,กรุงเทพมหานคร
2542,2543,2023,6,2023,9,11,จ.สมุทรปราการ,336.9566327,สมุทรปราการ
2543,2544,2023,6,2023,9,12,จ.นนทบุรี,323.4897001,นนทบุรี
2544,2545,2023,6,2023,9,13,จ.ปทุมธานี,257.1813646,ปทุมธานี
2545,2546,2023,6,2023,9,14,จ.พระนครศรีอยุธยา,167.7593426,พระนครศรีอยุธยา
2546,2547,2023,6,2023,9,15,จ.อ่างทอง,140.870162,อ่างทอง
2547,2548,2023,6,2023,9,16,จ.ลพบุรี,178.1375345,ลพบุรี
2548,2549,2023,6,2023,9,17,จ.สิงห์บุรี,155.9275073,สิงห์บุรี
2549,2550,2023,6,2023,9,18,จ.ชัยนาท,171.1003988,ชัยนาท
2550,2551,2023,6,2023,9,19,จ.สระบุรี,136.6184741,สระบุรี
2555,2556,2023,6,2023,9,24,จ.ฉะเชิงเทรา,198.1129793,ฉะเชิงเทรา
2557,2558,2023,6,2023,9,26,จ.นครนายก,175.9660939,นครนายก
2596,2597,2023,6,2023,9,70,จ.ราชบุรี,242.1317059,ราชบุรี
2598,2599,2023,6,2023,9,72,จ.สุพรรณบุรี,161.1531923,สุพรรณบุรี
2599,2600,2023,6,2023,9,73,จ.นครปฐม,267.8754445,นครปฐม
2600,2601,2023,6,2023,9,74,จ.สมุทรสาคร,335.3764732,สมุทรสาคร
2601,2602,2023,6,2023,9,75,จ.สมุทรสงคราม,277.7440289,สมุทรสงคราม
2602,2603,2023,6,2023,9,76,จ.เพชรบุรี,176.0546556,เพชรบุรี
2618,2619,2023,6,2023,10,10,กรุงเทพมหานคร,396.8567074,กรุงเทพมหานคร
2619,2620,2023,6,2023,10,11,จ.สมุทรปราการ,393.5737104,สมุทรปราการ
2620,2621,2023,6,2023,10,12,จ.นนทบุรี,358.3823837,นนทบุรี
2621,2622,2023,6,2023,10,13,จ.ปทุมธานี,277.5667276,ปทุมธานี
2622,2623,2023,6,2023,10,14,จ.พระนครศรีอยุธยา,194.3838922,พระนครศรีอยุธยา
2623,2624,2023,6,2023,10,15,จ.อ่างทอง,179.9943517,อ่างทอง
2624,2625,2023,6,2023,10,16,จ.ลพบุรี,140.7245236,ลพบุรี
2625,2626,2023,6,2023,10,17,จ.สิงห์บุรี,150.6531122,สิงห์บุรี
2626,2627,2023,6,2023,10,18,จ.ชัยนาท,136.8236389,ชัยนาท
2627,2628,2023,6,2023,10,19,จ.สระบุรี,139.5098706,สระบุรี
2632,2633,2023,6,2023,10,24,จ.ฉะเชิงเทรา,208.6601762,ฉะเชิงเทรา
2634,2635,2023,6,2023,10,26,จ.นครนายก,206.258806,นครนายก
2673,2674,2023,6,2023,10,70,จ.ราชบุรี,293.832066,ราชบุรี
2675,2676,2023,6,2023,10,72,จ.สุพรรณบุรี,236.2996933,สุพรรณบุรี
2676,2677,2023,6,2023,10,73,จ.นครปฐม,343.5813248,นครปฐม
2677,2678,2023,6,2023,10,74,จ.สมุทรสาคร,392.5244261,สมุทรสาคร
2678,2679,2023,6,2023,10,75,จ.สมุทรสงคราม,320.4849275,สมุทรสงคราม
2679,2680,2023,6,2023,10,76,จ.เพชรบุรี,302.2282036,เพชรบุรี
2695,2696,2023,6,2023,11,10,กรุงเทพมหานคร,42.1324217,กรุงเทพมหานคร
2696,2697,2023,6,2023,11,11,จ.สมุทรปราการ,58.77719189,สมุทรปราการ
2697,2698,2023,6,2023,11,12,จ.นนทบุรี,34.90594741,นนทบุรี
2698,2699,2023,6,2023,11,13,จ.ปทุมธานี,38.32341478,ปทุมธานี
2699,2700,2023,6,2023,11,14,จ.พระนครศรีอยุธยา,28.13745544,พระนครศรีอยุธยา
2700,2701,2023,6,2023,11,15,จ.อ่างทอง,22.69693269,อ่างทอง
2701,2702,2023,6,2023,11,16,จ.ลพบุรี,8.804398755,ลพบุรี
2702,2703,2023,6,2023,11,17,จ.สิงห์บุรี,11.21920749,สิงห์บุรี
2703,2704,2023,6,2023,11,18,จ.ชัยนาท,6.387396681,ชัยนาท
2704,2705,2023,6,2023,11,19,จ.สระบุรี,10.18483311,สระบุรี
2709,2710,2023,6,2023,11,24,จ.ฉะเชิงเทรา,23.13199399,ฉะเชิงเทรา
2711,2712,2023,6,2023,11,26,จ.นครนายก,12.87692522,นครนายก
2750,2751,2023,6,2023,11,70,จ.ราชบุรี,25.77643351,ราชบุรี
2752,2753,2023,6,2023,11,72,จ.สุพรรณบุรี,24.85209353,สุพรรณบุรี
2753,2754,2023,6,2023,11,73,จ.นครปฐม,35.53930685,นครปฐม
2754,2755,2023,6,2023,11,74,จ.สมุทรสาคร,39.95199167,สมุทรสาคร
2755,2756,2023,6,2023,11,75,จ.สมุทรสงคราม,26.15086952,สมุทรสงคราม
2756,2757,2023,6,2023,11,76,จ.เพชรบุรี,24.28122811,เพชรบุรี
2772,2773,2023,7,2023,7,10,กรุงเทพมหานคร,68.28825824,กรุงเทพมหานคร
2773,2774,2023,7,2023,7,11,จ.สมุทรปราการ,49.65284625,สมุทรปราการ
2774,2775,2023,7,2023,7,12,จ.นนทบุรี,79.26574112,นนทบุรี
2775,2776,2023,7,2023,7,13,จ.ปทุมธานี,98.69169546,ปทุมธานี
2776,2777,2023,7,2023,7,14,จ.พระนครศรีอยุธยา,91.41453523,พระนครศรีอยุธยา
2777,2778,2023,7,2023,7,15,จ.อ่างทอง,85.57689544,อ่างทอง
2778,2779,2023,7,2023,7,16,จ.ลพบุรี,83.15565087,ลพบุรี
2779,2780,2023,7,2023,7,17,จ.สิงห์บุรี,104.3306771,สิงห์บุรี
2780,2781,2023,7,2023,7,18,จ.ชัยนาท,137.7902233,ชัยนาท
2781,2782,2023,7,2023,7,19,จ.สระบุรี,85.20838895,สระบุรี
2786,2787,2023,7,2023,7,24,จ.ฉะเชิงเทรา,132.0045097,ฉะเชิงเทรา
2788,2789,2023,7,2023,7,26,จ.นครนายก,171.8331137,นครนายก
2827,2828,2023,7,2023,7,70,จ.ราชบุรี,106.1102562,ราชบุรี
2829,2830,2023,7,2023,7,72,จ.สุพรรณบุรี,106.1870329,สุพรรณบุรี
2830,2831,2023,7,2023,7,73,จ.นครปฐม,79.17401891,นครปฐม
2831,2832,2023,7,2023,7,74,จ.สมุทรสาคร,69.57933613,สมุทรสาคร
2832,2833,2023,7,2023,7,75,จ.สมุทรสงคราม,114.1273043,สมุทรสงคราม
2833,2834,2023,7,2023,7,76,จ.เพชรบุรี,70.77125922,เพชรบุรี
2849,2850,2023,7,2023,8,10,กรุงเทพมหานคร,146.2998241,กรุงเทพมหานคร
2850,2851,2023,7,2023,8,11,จ.สมุทรปราการ,162.8922999,สมุทรปราการ
2851,2852,2023,7,2023,8,12,จ.นนทบุรี,131.7257599,นนทบุรี
2852,2853,2023,7,2023,8,13,จ.ปทุมธานี,138.2054338,ปทุมธานี
2853,2854,2023,7,2023,8,14,จ.พระนครศรีอยุธยา,116.881324,พระนครศรีอยุธยา
2854,2855,2023,7,2023,8,15,จ.อ่างทอง,89.61110966,อ่างทอง
2855,2856,2023,7,2023,8,16,จ.ลพบุรี,133.1575105,ลพบุรี
2856,2857,2023,7,2023,8,17,จ.สิงห์บุรี,88.93737752,สิงห์บุรี
2857,2858,2023,7,2023,8,18,จ.ชัยนาท,91.50720669,ชัยนาท
2858,2859,2023,7,2023,8,19,จ.สระบุรี,114.3636955,สระบุรี
2863,2864,2023,7,2023,8,24,จ.ฉะเชิงเทรา,173.9053721,ฉะเชิงเทรา
2865,2866,2023,7,2023,8,26,จ.นครนายก,174.2902849,นครนายก
2904,2905,2023,7,2023,8,70,จ.ราชบุรี,63.58694135,ราชบุรี
2906,2907,2023,7,2023,8,72,จ.สุพรรณบุรี,94.5347805,สุพรรณบุรี
2907,2908,2023,7,2023,8,73,จ.นครปฐม,110.5713135,นครปฐม
2908,2909,2023,7,2023,8,74,จ.สมุทรสาคร,129.4234856,สมุทรสาคร
2909,2910,2023,7,2023,8,75,จ.สมุทรสงคราม,67.11950729,สมุทรสงคราม
2910,2911,2023,7,2023,8,76,จ.เพชรบุรี,99.13540094,เพชรบุรี
2926,2927,2023,7,2023,9,10,กรุงเทพมหานคร,359.8683038,กรุงเทพมหานคร
2927,2928,2023,7,2023,9,11,จ.สมุทรปราการ,336.9566327,สมุทรปราการ
2928,2929,2023,7,2023,9,12,จ.นนทบุรี,323.4897001,นนทบุรี
2929,2930,2023,7,2023,9,13,จ.ปทุมธานี,257.1813646,ปทุมธานี
2930,2931,2023,7,2023,9,14,จ.พระนครศรีอยุธยา,167.7593426,พระนครศรีอยุธยา
2931,2932,2023,7,2023,9,15,จ.อ่างทอง,140.870162,อ่างทอง
2932,2933,2023,7,2023,9,16,จ.ลพบุรี,178.1375345,ลพบุรี
2933,2934,2023,7,2023,9,17,จ.สิงห์บุรี,155.9275073,สิงห์บุรี
2934,2935,2023,7,2023,9,18,จ.ชัยนาท,171.1003988,ชัยนาท
2935,2936,2023,7,2023,9,19,จ.สระบุรี,136.6184741,สระบุรี
2940,2941,2023,7,2023,9,24,จ.ฉะเชิงเทรา,198.1129793,ฉะเชิงเทรา
2942,2943,2023,7,2023,9,26,จ.นครนายก,175.9660939,นครนายก
2981,2982,2023,7,2023,9,70,จ.ราชบุรี,242.1317059,ราชบุรี
2983,2984,2023,7,2023,9,72,จ.สุพรรณบุรี,161.1531923,สุพรรณบุรี
2984,2985,2023,7,2023,9,73,จ.นครปฐม,267.8754445,นครปฐม
2985,2986,2023,7,2023,9,74,จ.สมุทรสาคร,335.3764732,สมุทรสาคร
2986,2987,2023,7,2023,9,75,จ.สมุทรสงคราม,277.7440289,สมุทรสงคราม
2987,2988,2023,7,2023,9,76,จ.เพชรบุรี,176.0546556,เพชรบุรี
3003,3004,2023,7,2023,10,10,กรุงเทพมหานคร,396.8567074,กรุงเทพมหานคร
3004,3005,2023,7,2023,10,11,จ.สมุทรปราการ,393.5737104,สมุทรปราการ
3005,3006,2023,7,2023,10,12,จ.นนทบุรี,358.3823837,นนทบุรี
3006,3007,2023,7,2023,10,13,จ.ปทุมธานี,277.5667276,ปทุมธานี
3007,3008,2023,7,2023,10,14,จ.พระนครศรีอยุธยา,194.3838922,พระนครศรีอยุธยา
3008,3009,2023,7,2023,10,15,จ.อ่างทอง,179.9943517,อ่างทอง
3009,3010,2023,7,2023,10,16,จ.ลพบุรี,140.7245236,ลพบุรี
3010,3011,2023,7,2023,10,17,จ.สิงห์บุรี,150.6531122,สิงห์บุรี
3011,3012,2023,7,2023,10,18,จ.ชัยนาท,136.8236389,ชัยนาท
3012,3013,2023,7,2023,10,19,จ.สระบุรี,139.5098706,สระบุรี
3017,3018,2023,7,2023,10,24,จ.ฉะเชิงเทรา,208.6601762,ฉะเชิงเทรา
3019,3020,2023,7,2023,10,26,จ.นครนายก,206.258806,นครนายก
3058,3059,2023,7,2023,10,70,จ.ราชบุรี,293.832066,ราชบุรี
3060,3061,2023,7,2023,10,72,จ.สุพรรณบุรี,236.2996933,สุพรรณบุรี
3061,3062,2023,7,2023,10,73,จ.นครปฐม,343.5813248,นครปฐม
3062,3063,2023,7,2023,10,74,จ.สมุทรสาคร,392.5244261,สมุทรสาคร
3063,3064,2023,7,2023,10,75,จ.สมุทรสงคราม,320.4849275,สมุทรสงคราม
3064,3065,2023,7,2023,10,76,จ.เพชรบุรี,302.2282036,เพชรบุรี
3080,3081,2023,7,2023,11,10,กรุงเทพมหานคร,42.1324217,กรุงเทพมหานคร
3081,3082,2023,7,2023,11,11,จ.สมุทรปราการ,58.77719189,สมุทรปราการ
3082,3083,2023,7,2023,11,12,จ.นนทบุรี,34.90594741,นนทบุรี
3083,3084,2023,7,2023,11,13,จ.ปทุมธานี,38.32341478,ปทุมธานี
3084,3085,2023,7,2023,11,14,จ.พระนครศรีอยุธยา,28.13745544,พระนครศรีอยุธยา
3085,3086,2023,7,2023,11,15,จ.อ่างทอง,22.69693269,อ่างทอง
3086,3087,2023,7,2023,11,16,จ.ลพบุรี,8.804398755,ลพบุรี
3087,3088,2023,7,2023,11,17,จ.สิงห์บุรี,11.21920749,สิงห์บุรี
3088,3089,2023,7,2023,11,18,จ.ชัยนาท,6.387396681,ชัยนาท
3089,3090,2023,7,2023,11,19,จ.สระบุรี,10.18483311,สระบุรี
3094,3095,2023,7,2023,11,24,จ.ฉะเชิงเทรา,23.13199399,ฉะเชิงเทรา
3096,3097,2023,7,2023,11,26,จ.นครนายก,12.87692522,นครนายก
3135,3136,2023,7,2023,11,70,จ.ราชบุรี,25.77643351,ราชบุรี
3137,3138,2023,7,2023,11,72,จ.สุพรรณบุรี,24.85209353,สุพรรณบุรี
3138,3139,2023,7,2023,11,73,จ.นครปฐม,35.53930685,นครปฐม
3139,3140,2023,7,2023,11,74,จ.สมุทรสาคร,39.95199167,สมุทรสาคร
3140,3141,2023,7,2023,11,75,จ.สมุทรสงคราม,26.15086952,สมุทรสงคราม
3141,3142,2023,7,2023,11,76,จ.เพชรบุรี,24.28122811,เพชรบุรี
3157,3158,2023,7,2023,12,10,กรุงเทพมหานคร,9.181886939,กรุงเทพมหานคร
3158,3159,2023,7,2023,12,11,จ.สมุทรปราการ,9.562096572,สมุทรปราการ
3159,3160,2023,7,2023,12,12,จ.นนทบุรี,6.787504686,นนทบุรี
3160,3161,2023,7,2023,12,13,จ.ปทุมธานี,3.935820194,ปทุมธานี
3161,3162,2023,7,2023,12,14,จ.พระนครศรีอยุธยา,5.981812207,พระนครศรีอยุธยา
3162,3163,2023,7,2023,12,15,จ.อ่างทอง,7.329289282,อ่างทอง
3163,3164,2023,7,2023,12,16,จ.ลพบุรี,0.938008077,ลพบุรี
3164,3165,2023,7,2023,12,17,จ.สิงห์บุรี,2.878299715,สิงห์บุรี
3165,3166,2023,7,2023,12,18,จ.ชัยนาท,1.315933491,ชัยนาท
3166,3167,2023,7,2023,12,19,จ.สระบุรี,3.738375344,สระบุรี
3171,3172,2023,7,2023,12,24,จ.ฉะเชิงเทรา,10.41501275,ฉะเชิงเทรา
3173,3174,2023,7,2023,12,26,จ.นครนายก,3.164648439,นครนายก
3212,3213,2023,7,2023,12,70,จ.ราชบุรี,2.718044784,ราชบุรี
3214,3215,2023,7,2023,12,72,จ.สุพรรณบุรี,6.262733293,สุพรรณบุรี
3215,3216,2023,7,2023,12,73,จ.นครปฐม,3.848591387,นครปฐม
3216,3217,2023,7,2023,12,74,จ.สมุทรสาคร,8.502724745,สมุทรสาคร
3217,3218,2023,7,2023,12,75,จ.สมุทรสงคราม,4.926144923,สมุทรสงคราม
3218,3219,2023,7,2023,12,76,จ.เพชรบุรี,8.017179835,เพชรบุรี
3234,3235,2023,8,2023,8,10,กรุงเทพมหานคร,146.2998241,กรุงเทพมหานคร
3235,3236,2023,8,2023,8,11,จ.สมุทรปราการ,162.8922999,สมุทรปราการ
3236,3237,2023,8,2023,8,12,จ.นนทบุรี,131.7257599,นนทบุรี
3237,3238,2023,8,2023,8,13,จ.ปทุมธานี,138.2054338,ปทุมธานี
3238,3239,2023,8,2023,8,14,จ.พระนครศรีอยุธยา,116.881324,พระนครศรีอยุธยา
3239,3240,2023,8,2023,8,15,จ.อ่างทอง,89.61110966,อ่างทอง
3240,3241,2023,8,2023,8,16,จ.ลพบุรี,133.1575105,ลพบุรี
3241,3242,2023,8,2023,8,17,จ.สิงห์บุรี,88.93737752,สิงห์บุรี
3242,3243,2023,8,2023,8,18,จ.ชัยนาท,91.50720669,ชัยนาท
3243,3244,2023,8,2023,8,19,จ.สระบุรี,114.3636955,สระบุรี
3248,3249,2023,8,2023,8,24,จ.ฉะเชิงเทรา,173.9053721,ฉะเชิงเทรา
3250,3251,2023,8,2023,8,26,จ.นครนายก,174.2902849,นครนายก
3289,3290,2023,8,2023,8,70,จ.ราชบุรี,63.58694135,ราชบุรี
3291,3292,2023,8,2023,8,72,จ.สุพรรณบุรี,94.5347805,สุพรรณบุรี
3292,3293,2023,8,2023,8,73,จ.นครปฐม,110.5713135,นครปฐม
3293,3294,2023,8,2023,8,74,จ.สมุทรสาคร,129.4234856,สมุทรสาคร
3294,3295,2023,8,2023,8,75,จ.สมุทรสงคราม,67.11950729,สมุทรสงคราม
3295,3296,2023,8,2023,8,76,จ.เพชรบุรี,99.13540094,เพชรบุรี
3311,3312,2023,8,2023,9,10,กรุงเทพมหานคร,359.8683038,กรุงเทพมหานคร
3312,3313,2023,8,2023,9,11,จ.สมุทรปราการ,336.9566327,สมุทรปราการ
3313,3314,2023,8,2023,9,12,จ.นนทบุรี,323.4897001,นนทบุรี
3314,3315,2023,8,2023,9,13,จ.ปทุมธานี,257.1813646,ปทุมธานี
3315,3316,2023,8,2023,9,14,จ.พระนครศรีอยุธยา,167.7593426,พระนครศรีอยุธยา
3316,3317,2023,8,2023,9,15,จ.อ่างทอง,140.870162,อ่างทอง
3317,3318,2023,8,2023,9,16,จ.ลพบุรี,178.1375345,ลพบุรี
3318,3319,2023,8,2023,9,17,จ.สิงห์บุรี,155.9275073,สิงห์บุรี
3319,3320,2023,8,2023,9,18,จ.ชัยนาท,171.1003988,ชัยนาท
3320,3321,2023,8,2023,9,19,จ.สระบุรี,136.6184741,สระบุรี
3325,3326,2023,8,2023,9,24,จ.ฉะเชิงเทรา,198.1129793,ฉะเชิงเทรา
3327,3328,2023,8,2023,9,26,จ.นครนายก,175.9660939,นครนายก
3366,3367,2023,8,2023,9,70,จ.ราชบุรี,242.1317059,ราชบุรี
3368,3369,2023,8,2023,9,72,จ.สุพรรณบุรี,161.1531923,สุพรรณบุรี
3369,3370,2023,8,2023,9,73,จ.นครปฐม,267.8754445,นครปฐม
3370,3371,2023,8,2023,9,74,จ.สมุทรสาคร,335.3764732,สมุทรสาคร
3371,3372,2023,8,2023,9,75,จ.สมุทรสงคราม,277.7440289,สมุทรสงคราม
3372,3373,2023,8,2023,9,76,จ.เพชรบุรี,176.0546556,เพชรบุรี
3388,3389,2023,8,2023,10,10,กรุงเทพมหานคร,396.8567074,กรุงเทพมหานคร
3389,3390,2023,8,2023,10,11,จ.สมุทรปราการ,393.5737104,สมุทรปราการ
3390,3391,2023,8,2023,10,12,จ.นนทบุรี,358.3823837,นนทบุรี
3391,3392,2023,8,2023,10,13,จ.ปทุมธานี,277.5667276,ปทุมธานี
3392,3393,2023,8,2023,10,14,จ.พระนครศรีอยุธยา,194.3838922,พระนครศรีอยุธยา
3393,3394,2023,8,2023,10,15,จ.อ่างทอง,179.9943517,อ่างทอง
3394,3395,2023,8,2023,10,16,จ.ลพบุรี,140.7245236,ลพบุรี
3395,3396,2023,8,2023,10,17,จ.สิงห์บุรี,150.6531122,สิงห์บุรี
3396,3397,2023,8,2023,10,18,จ.ชัยนาท,136.8236389,ชัยนาท
3397,3398,2023,8,2023,10,19,จ.สระบุรี,139.5098706,สระบุรี
3402,3403,2023,8,2023,10,24,จ.ฉะเชิงเทรา,208.6601762,ฉะเชิงเทรา
3404,3405,2023,8,2023,10,26,จ.นครนายก,206.258806,นครนายก
3443,3444,2023,8,2023,10,70,จ.ราชบุรี,293.832066,ราชบุรี
3445,3446,2023,8,2023,10,72,จ.สุพรรณบุรี,236.2996933,สุพรรณบุรี
3446,3447,2023,8,2023,10,73,จ.นครปฐม,343.5813248,นครปฐม
3447,3448,2023,8,2023,10,74,จ.สมุทรสาคร,392.5244261,สมุทรสาคร
3448,3449,2023,8,2023,10,75,จ.สมุทรสงคราม,320.4849275,สมุทรสงคราม
3449,3450,2023,8,2023,10,76,จ.เพชรบุรี,302.2282036,เพชรบุรี
3465,3466,2023,8,2023,11,10,กรุงเทพมหานคร,42.1324217,กรุงเทพมหานคร
3466,3467,2023,8,2023,11,11,จ.สมุทรปราการ,58.77719189,สมุทรปราการ
3467,3468,2023,8,2023,11,12,จ.นนทบุรี,34.90594741,นนทบุรี
3468,3469,2023,8,2023,11,13,จ.ปทุมธานี,38.32341478,ปทุมธานี
3469,3470,2023,8,2023,11,14,จ.พระนครศรีอยุธยา,28.13745544,พระนครศรีอยุธยา
3470,3471,2023,8,2023,11,15,จ.อ่างทอง,22.69693269,อ่างทอง
3471,3472,2023,8,2023,11,16,จ.ลพบุรี,8.804398755,ลพบุรี
3472,3473,2023,8,2023,11,17,จ.สิงห์บุรี,11.21920749,สิงห์บุรี
3473,3474,2023,8,2023,11,18,จ.ชัยนาท,6.387396681,ชัยนาท
3474,3475,2023,8,2023,11,19,จ.สระบุรี,10.18483311,สระบุรี
3479,3480,2023,8,2023,11,24,จ.ฉะเชิงเทรา,23.13199399,ฉะเชิงเทรา
3481,3482,2023,8,2023,11,26,จ.นครนายก,12.87692522,นครนายก
3520,3521,2023,8,2023,11,70,จ.ราชบุรี,25.77643351,ราชบุรี
3522,3523,2023,8,2023,11,72,จ.สุพรรณบุรี,24.85209353,สุพรรณบุรี
3523,3524,2023,8,2023,11,73,จ.นครปฐม,35.53930685,นครปฐม
3524,3525,2023,8,2023,11,74,จ.สมุทรสาคร,39.95199167,สมุทรสาคร
3525,3526,2023,8,2023,11,75,จ.สมุทรสงคราม,26.15086952,สมุทรสงคราม
3526,3527,2023,8,2023,11,76,จ.เพชรบุรี,24.28122811,เพชรบุรี
3542,3543,2023,8,2023,12,10,กรุงเทพมหานคร,9.181886939,กรุงเทพมหานคร
3543,3544,2023,8,2023,12,11,จ.สมุทรปราการ,9.562096572,สมุทรปราการ
3544,3545,2023,8,2023,12,12,จ.นนทบุรี,6.787504686,นนทบุรี
3545,3546,2023,8,2023,12,13,จ.ปทุมธานี,3.935820194,ปทุมธานี
3546,3547,2023,8,2023,12,14,จ.พระนครศรีอยุธยา,5.981812207,พระนครศรีอยุธยา
3547,3548,2023,8,2023,12,15,จ.อ่างทอง,7.329289282,อ่างทอง
3548,3549,2023,8,2023,12,16,จ.ลพบุรี,0.938008077,ลพบุรี
3549,3550,2023,8,2023,12,17,จ.สิงห์บุรี,2.878299715,สิงห์บุรี
3550,3551,2023,8,2023,12,18,จ.ชัยนาท,1.315933491,ชัยนาท
3551,3552,2023,8,2023,12,19,จ.สระบุรี,3.738375344,สระบุรี
3556,3557,2023,8,2023,12,24,จ.ฉะเชิงเทรา,10.41501275,ฉะเชิงเทรา
3558,3559,2023,8,2023,12,26,จ.นครนายก,3.164648439,นครนายก
3597,3598,2023,8,2023,12,70,จ.ราชบุรี,2.718044784,ราชบุรี
3599,3600,2023,8,2023,12,72,จ.สุพรรณบุรี,6.262733293,สุพรรณบุรี
3600,3601,2023,8,2023,12,73,จ.นครปฐม,3.848591387,นครปฐม
3601,3602,2023,8,2023,12,74,จ.สมุทรสาคร,8.502724745,สมุทรสาคร
3602,3603,2023,8,2023,12,75,จ.สมุทรสงคราม,4.926144923,สมุทรสงคราม
3603,3604,2023,8,2023,12,76,จ.เพชรบุรี,8.017179835,เพชรบุรี
3619,3620,2023,8,2024,1,10,กรุงเทพมหานคร,1.291359817,กรุงเทพมหานคร
3620,3621,2023,8,2024,1,11,จ.สมุทรปราการ,6.111817032,สมุทรปราการ
3621,3622,2023,8,2024,1,12,จ.นนทบุรี,0.120919325,นนทบุรี
3622,3623,2023,8,2024,1,13,จ.ปทุมธานี,2.355449523,ปทุมธานี
3623,3624,2023,8,2024,1,14,จ.พระนครศรีอยุธยา,16.02084506,พระนครศรีอยุธยา
3624,3625,2023,8,2024,1,15,จ.อ่างทอง,13.14105985,อ่างทอง
3625,3626,2023,8,2024,1,16,จ.ลพบุรี,12.14219755,ลพบุรี
3626,3627,2023,8,2024,1,17,จ.สิงห์บุรี,14.0022046,สิงห์บุรี
3627,3628,2023,8,2024,1,18,จ.ชัยนาท,11.14867458,ชัยนาท
3628,3629,2023,8,2024,1,19,จ.สระบุรี,18.27636919,สระบุรี
3633,3634,2023,8,2024,1,24,จ.ฉะเชิงเทรา,6.213241363,ฉะเชิงเทรา
3635,3636,2023,8,2024,1,26,จ.นครนายก,7.600452012,นครนายก
3674,3675,2023,8,2024,1,70,จ.ราชบุรี,0.05956602,ราชบุรี
3676,3677,2023,8,2024,1,72,จ.สุพรรณบุรี,3.095521729,สุพรรณบุรี
3677,3678,2023,8,2024,1,73,จ.นครปฐม,0.08294578,นครปฐม
3678,3679,2023,8,2024,1,74,จ.สมุทรสาคร,4.362060859,สมุทรสาคร
3679,3680,2023,8,2024,1,75,จ.สมุทรสงคราม,1.918898552,สมุทรสงคราม
3680,3681,2023,8,2024,1,76,จ.เพชรบุรี,0.709410277,เพชรบุรี
3696,3697,2023,9,2023,9,10,กรุงเทพมหานคร,359.8683038,กรุงเทพมหานคร
3697,3698,2023,9,2023,9,11,จ.สมุทรปราการ,336.9566327,สมุทรปราการ
3698,3699,2023,9,2023,9,12,จ.นนทบุรี,323.4897001,นนทบุรี
3699,3700,2023,9,2023,9,13,จ.ปทุมธานี,257.1813646,ปทุมธานี
3700,3701,2023,9,2023,9,14,จ.พระนครศรีอยุธยา,167.7593426,พระนครศรีอยุธยา
3701,3702,2023,9,2023,9,15,จ.อ่างทอง,140.870162,อ่างทอง
3702,3703,2023,9,2023,9,16,จ.ลพบุรี,178.1375345,ลพบุรี
3703,3704,2023,9,2023,9,17,จ.สิงห์บุรี,155.9275073,สิงห์บุรี
3704,3705,2023,9,2023,9,18,จ.ชัยนาท,171.1003988,ชัยนาท
3705,3706,2023,9,2023,9,19,จ.สระบุรี,136.6184741,สระบุรี
3710,3711,2023,9,2023,9,24,จ.ฉะเชิงเทรา,198.1129793,ฉะเชิงเทรา
3712,3713,2023,9,2023,9,26,จ.นครนายก,175.9660939,นครนายก
3751,3752,2023,9,2023,9,70,จ.ราชบุรี,242.1317059,ราชบุรี
3753,3754,2023,9,2023,9,72,จ.สุพรรณบุรี,161.1531923,สุพรรณบุรี
3754,3755,2023,9,2023,9,73,จ.นครปฐม,267.8754445,นครปฐม
3755,3756,2023,9,2023,9,74,จ.สมุทรสาคร,335.3764732,สมุทรสาคร
3756,3757,2023,9,2023,9,75,จ.สมุทรสงคราม,277.7440289,สมุทรสงคราม
3757,3758,2023,9,2023,9,76,จ.เพชรบุรี,176.0546556,เพชรบุรี
3773,3774,2023,9,2023,10,10,กรุงเทพมหานคร,396.8567074,กรุงเทพมหานคร
3774,3775,2023,9,2023,10,11,จ.สมุทรปราการ,393.5737104,สมุทรปราการ
3775,3776,2023,9,2023,10,12,จ.นนทบุรี,358.3823837,นนทบุรี
3776,3777,2023,9,2023,10,13,จ.ปทุมธานี,277.5667276,ปทุมธานี
3777,3778,2023,9,2023,10,14,จ.พระนครศรีอยุธยา,194.3838922,พระนครศรีอยุธยา
3778,3779,2023,9,2023,10,15,จ.อ่างทอง,179.9943517,อ่างทอง
3779,3780,2023,9,2023,10,16,จ.ลพบุรี,140.7245236,ลพบุรี
3780,3781,2023,9,2023,10,17,จ.สิงห์บุรี,150.6531122,สิงห์บุรี
3781,3782,2023,9,2023,10,18,จ.ชัยนาท,136.8236389,ชัยนาท
3782,3783,2023,9,2023,10,19,จ.สระบุรี,139.5098706,สระบุรี
3787,3788,2023,9,2023,10,24,จ.ฉะเชิงเทรา,208.6601762,ฉะเชิงเทรา
3789,3790,2023,9,2023,10,26,จ.นครนายก,206.258806,นครนายก
3828,3829,2023,9,2023,10,70,จ.ราชบุรี,293.832066,ราชบุรี
3830,3831,2023,9,2023,10,72,จ.สุพรรณบุรี,236.2996933,สุพรรณบุรี
3831,3832,2023,9,2023,10,73,จ.นครปฐม,343.5813248,นครปฐม
3832,3833,2023,9,2023,10,74,จ.สมุทรสาคร,392.5244261,สมุทรสาคร
3833,3834,2023,9,2023,10,75,จ.สมุทรสงคราม,320.4849275,สมุทรสงคราม
3834,3835,2023,9,2023,10,76,จ.เพชรบุรี,302.2282036,เพชรบุรี
3850,3851,2023,9,2023,11,10,กรุงเทพมหานคร,42.1324217,กรุงเทพมหานคร
3851,3852,2023,9,2023,11,11,จ.สมุทรปราการ,58.77719189,สมุทรปราการ
3852,3853,2023,9,2023,11,12,จ.นนทบุรี,34.90594741,นนทบุรี
3853,3854,2023,9,2023,11,13,จ.ปทุมธานี,38.32341478,ปทุมธานี
3854,3855,2023,9,2023,11,14,จ.พระนครศรีอยุธยา,28.13745544,พระนครศรีอยุธยา
3855,3856,2023,9,2023,11,15,จ.อ่างทอง,22.69693269,อ่างทอง
3856,3857,2023,9,2023,11,16,จ.ลพบุรี,8.804398755,ลพบุรี
3857,3858,2023,9,2023,11,17,จ.สิงห์บุรี,11.21920749,สิงห์บุรี
3858,3859,2023,9,2023,11,18,จ.ชัยนาท,6.387396681,ชัยนาท
3859,3860,2023,9,2023,11,19,จ.สระบุรี,10.18483311,สระบุรี
3864,3865,2023,9,2023,11,24,จ.ฉะเชิงเทรา,23.13199399,ฉะเชิงเทรา
3866,3867,2023,9,2023,11,26,จ.นครนายก,12.87692522,นครนายก
3905,3906,2023,9,2023,11,70,จ.ราชบุรี,25.77643351,ราชบุรี
3907,3908,2023,9,2023,11,72,จ.สุพรรณบุรี,24.85209353,สุพรรณบุรี
3908,3909,2023,9,2023,11,73,จ.นครปฐม,35.53930685,นครปฐม
3909,3910,2023,9,2023,11,74,จ.สมุทรสาคร,39.95199167,สมุทรสาคร
3910,3911,2023,9,2023,11,75,จ.สมุทรสงคราม,26.15086952,สมุทรสงคราม
3911,3912,2023,9,2023,11,76,จ.เพชรบุรี,24.28122811,เพชรบุรี
3927,3928,2023,9,2023,12,10,กรุงเทพมหานคร,9.181886939,กรุงเทพมหานคร
3928,3929,2023,9,2023,12,11,จ.สมุทรปราการ,9.562096572,สมุทรปราการ
3929,3930,2023,9,2023,12,12,จ.นนทบุรี,6.787504686,นนทบุรี
3930,3931,2023,9,2023,12,13,จ.ปทุมธานี,3.935820194,ปทุมธานี
3931,3932,2023,9,2023,12,14,จ.พระนครศรีอยุธยา,5.981812207,พระนครศรีอยุธยา
3932,3933,2023,9,2023,12,15,จ.อ่างทอง,7.329289282,อ่างทอง
3933,3934,2023,9,2023,12,16,จ.ลพบุรี,0.938008077,ลพบุรี
3934,3935,2023,9,2023,12,17,จ.สิงห์บุรี,2.878299715,สิงห์บุรี
3935,3936,2023,9,2023,12,18,จ.ชัยนาท,1.315933491,ชัยนาท
3936,3937,2023,9,2023,12,19,จ.สระบุรี,3.738375344,สระบุรี
3941,3942,2023,9,2023,12,24,จ.ฉะเชิงเทรา,10.41501275,ฉะเชิงเทรา
3943,3944,2023,9,2023,12,26,จ.นครนายก,3.164648439,นครนายก
3982,3983,2023,9,2023,12,70,จ.ราชบุรี,2.718044784,ราชบุรี
3984,3985,2023,9,2023,12,72,จ.สุพรรณบุรี,6.262733293,สุพรรณบุรี
3985,3986,2023,9,2023,12,73,จ.นครปฐม,3.848591387,นครปฐม
3986,3987,2023,9,2023,12,74,จ.สมุทรสาคร,8.502724745,สมุทรสาคร
3987,3988,2023,9,2023,12,75,จ.สมุทรสงคราม,4.926144923,สมุทรสงคราม
3988,3989,2023,9,2023,12,76,จ.เพชรบุรี,8.017179835,เพชรบุรี
4004,4005,2023,9,2024,1,10,กรุงเทพมหานคร,1.291359817,กรุงเทพมหานคร
4005,4006,2023,9,2024,1,11,จ.สมุทรปราการ,6.111817032,สมุทรปราการ
4006,4007,2023,9,2024,1,12,จ.นนทบุรี,0.120919325,นนทบุรี
4007,4008,2023,9,2024,1,13,จ.ปทุมธานี,2.355449523,ปทุมธานี
4008,4009,2023,9,2024,1,14,จ.พระนครศรีอยุธยา,16.02084506,พระนครศรีอยุธยา
4009,4010,2023,9,2024,1,15,จ.อ่างทอง,13.14105985,อ่างทอง
4010,4011,2023,9,2024,1,16,จ.ลพบุรี,12.14219755,ลพบุรี
4011,4012,2023,9,2024,1,17,จ.สิงห์บุรี,14.0022046,สิงห์บุรี
4012,4013,2023,9,2024,1,18,จ.ชัยนาท,11.14867458,ชัยนาท
4013,4014,2023,9,2024,1,19,จ.สระบุรี,18.27636919,สระบุรี
4018,4019,2023,9,2024,1,24,จ.ฉะเชิงเทรา,6.213241363,ฉะเชิงเทรา
4020,4021,2023,9,2024,1,26,จ.นครนายก,7.600452012,นครนายก
4059,4060,2023,9,2024,1,70,จ.ราชบุรี,0.05956602,ราชบุรี
4061,4062,2023,9,2024,1,72,จ.สุพรรณบุรี,3.095521729,สุพรรณบุรี
4062,4063,2023,9,2024,1,73,จ.นครปฐม,0.08294578,นครปฐม
4063,4064,2023,9,2024,1,74,จ.สมุทรสาคร,4.362060859,สมุทรสาคร
4064,4065,2023,9,2024,1,75,จ.สมุทรสงคราม,1.918898552,สมุทรสงคราม
4065,4066,2023,9,2024,1,76,จ.เพชรบุรี,0.709410277,เพชรบุรี
4081,4082,2023,9,2024,2,10,กรุงเทพมหานคร,41.63298701,กรุงเทพมหานคร
4082,4083,2023,9,2024,2,11,จ.สมุทรปราการ,35.14158832,สมุทรปราการ
4083,4084,2023,9,2024,2,12,จ.นนทบุรี,31.6387054,นนทบุรี
4084,4085,2023,9,2024,2,13,จ.ปทุมธานี,20.91241323,ปทุมธานี
4085,4086,2023,9,2024,2,14,จ.พระนครศรีอยุธยา,9.116901408,พระนครศรีอยุธยา
4086,4087,2023,9,2024,2,15,จ.อ่างทอง,2.132556109,อ่างทอง
4087,4088,2023,9,2024,2,16,จ.ลพบุรี,7.493970998,ลพบุรี
4088,4089,2023,9,2024,2,17,จ.สิงห์บุรี,0.624855907,สิงห์บุรี
4089,4090,2023,9,2024,2,18,จ.ชัยนาท,0.109453682,ชัยนาท
4090,4091,2023,9,2024,2,19,จ.สระบุรี,7.414686646,สระบุรี
4095,4096,2023,9,2024,2,24,จ.ฉะเชิงเทรา,26.48874567,ฉะเชิงเทรา
4097,4098,2023,9,2024,2,26,จ.นครนายก,8.617572542,นครนายก
4136,4137,2023,9,2024,2,70,จ.ราชบุรี,1.811080332,ราชบุรี
4138,4139,2023,9,2024,2,72,จ.สุพรรณบุรี,0.678213104,สุพรรณบุรี
4139,4140,2023,9,2024,2,73,จ.นครปฐม,14.24230298,นครปฐม
4140,4141,2023,9,2024,2,74,จ.สมุทรสาคร,32.32529733,สมุทรสาคร
4141,4142,2023,9,2024,2,75,จ.สมุทรสงคราม,7.243768127,สมุทรสงคราม
4142,4143,2023,9,2024,2,76,จ.เพชรบุรี,0.117664461,เพชรบุรี
