Unnamed: 0,_id,Initial_Year,Initial_Month,Forecast_Year,Foreast_Month,Province_ID,Province_NameTH,Rainfall.mm.,ProvinceName
0,1,2023,1,2023,1,10,กรุงเทพมหานคร,18.8020932,Province_0
1,2,2023,1,2023,1,11,สมุทรปราการ,14.15289707,Province_12
2,3,2023,1,2023,1,12,นนทบุรี,19.02253284,Province_6
3,4,2023,1,2023,1,13,ปทุมธานี,15.55536278,Province_7
4,5,2023,1,2023,1,14,พระนครศรีอยุธยา,12.54678874,Province_9
5,6,2023,1,2023,1,15,อ่างทอง,17.12334163,Province_18
6,7,2023,1,2023,1,16,ลพบุรี,12.93856959,Province_11
7,8,2023,1,2023,1,17,สิงห์บุรี,11.78389048,Province_16
8,9,2023,1,2023,1,18,ชัยนาท,6.086061758,Province_3
9,10,2023,1,2023,1,19,สระบุรี,20.8451379,Province_15
14,15,2023,1,2023,1,24,ฉะเชิงเทรา,5.716058429,Province_2
16,17,2023,1,2023,1,26,นครนายก,13.22242745,Province_4
55,56,2023,1,2023,1,70,ราชบุรี,6.437758541,Province_10
57,58,2023,1,2023,1,72,สุพรรณบุรี,22.96932715,Province_17
58,59,2023,1,2023,1,73,นครปฐม,11.77419229,Province_5
59,60,2023,1,2023,1,74,สมุทรสาคร,13.78645919,Province_14
60,61,2023,1,2023,1,75,สมุทรสงคราม,5.890637674,Province_13
61,62,2023,1,2023,1,76,เพชรบุรี,9.481056836,Province_19
77,78,2023,1,2023,2,10,กรุงเทพมหานคร,7.221436206,Province_0
78,79,2023,1,2023,2,11,จ.สมุทรปราการ,6.642668365,Province_12
79,80,2023,1,2023,2,12,จ.นนทบุรี,7.32679174,Province_6
80,81,2023,1,2023,2,13,จ.ปทุมธานี,10.34393533,Province_7
81,82,2023,1,2023,2,14,จ.พระนครศรีอยุธยา,7.280295776,Province_9
82,83,2023,1,2023,2,15,จ.อ่างทอง,2.263453867,Province_18
83,84,2023,1,2023,2,16,จ.ลพบุรี,4.367899761,Province_11
84,85,2023,1,2023,2,17,จ.สิงห์บุรี,1.553227664,Province_16
85,86,2023,1,2023,2,18,จ.ชัยนาท,1.713415675,Province_3
86,87,2023,1,2023,2,19,จ.สระบุรี,3.557782697,Province_15
91,92,2023,1,2023,2,24,จ.ฉะเชิงเทรา,8.000106651,Province_2
93,94,2023,1,2023,2,26,จ.นครนายก,4.961149554,Province_4
132,133,2023,1,2023,2,70,จ.ราชบุรี,1.019125115,Province_10
134,135,2023,1,2023,2,72,จ.สุพรรณบุรี,1.654703286,Province_17
135,136,2023,1,2023,2,73,จ.นครปฐม,4.68929011,Province_5
136,137,2023,1,2023,2,74,จ.สมุทรสาคร,4.835366523,Province_14
137,138,2023,1,2023,2,75,จ.สมุทรสงคราม,1.328347824,Province_13
138,139,2023,1,2023,2,76,จ.เพชรบุรี,2.719379135,Province_19
154,155,2023,1,2023,3,10,กรุงเทพมหานคร,156.3168909,Province_0
155,156,2023,1,2023,3,11,จ.สมุทรปราการ,144.9018933,Province_12
156,157,2023,1,2023,3,12,จ.นนทบุรี,157.2669794,Province_6
157,158,2023,1,2023,3,13,จ.ปทุมธานี,166.8945664,Province_7
158,159,2023,1,2023,3,14,จ.พระนครศรีอยุธยา,157.3547513,Province_9
159,160,2023,1,2023,3,15,จ.อ่างทอง,122.6504862,Province_18
160,161,2023,1,2023,3,16,จ.ลพบุรี,77.1842078,Province_11
161,162,2023,1,2023,3,17,จ.สิงห์บุรี,90.87302588,Province_16
162,163,2023,1,2023,3,18,จ.ชัยนาท,64.3362423,Province_3
163,164,2023,1,2023,3,19,จ.สระบุรี,122.8983923,Province_15
168,169,2023,1,2023,3,24,จ.ฉะเชิงเทรา,123.322351,Province_2
170,171,2023,1,2023,3,26,จ.นครนายก,120.5584431,Province_4
209,210,2023,1,2023,3,70,จ.ราชบุรี,186.0932525,Province_10
211,212,2023,1,2023,3,72,จ.สุพรรณบุรี,110.5674013,Province_17
212,213,2023,1,2023,3,73,จ.นครปฐม,136.3675461,Province_5
213,214,2023,1,2023,3,74,จ.สมุทรสาคร,157.7162934,Province_14
214,215,2023,1,2023,3,75,จ.สมุทรสงคราม,196.1196523,Province_13
215,216,2023,1,2023,3,76,จ.เพชรบุรี,349.4985033,Province_19
231,232,2023,1,2023,4,10,กรุงเทพมหานคร,29.20181053,Province_0
232,233,2023,1,2023,4,11,จ.สมุทรปราการ,16.372338,Province_12
233,234,2023,1,2023,4,12,จ.นนทบุรี,35.15480297,Province_6
234,235,2023,1,2023,4,13,จ.ปทุมธานี,46.99973185,Province_7
235,236,2023,1,2023,4,14,จ.พระนครศรีอยุธยา,28.90693899,Province_9
236,237,2023,1,2023,4,15,จ.อ่างทอง,18.81645885,Province_18
237,238,2023,1,2023,4,16,จ.ลพบุรี,33.9353883,Province_11
238,239,2023,1,2023,4,17,จ.สิงห์บุรี,24.61547554,Province_16
239,240,2023,1,2023,4,18,จ.ชัยนาท,15.7435962,Province_3
240,241,2023,1,2023,4,19,จ.สระบุรี,50.21295644,Province_15
245,246,2023,1,2023,4,24,จ.ฉะเชิงเทรา,62.43158591,Province_2
247,248,2023,1,2023,4,26,จ.นครนายก,50.86223767,Province_4
286,287,2023,1,2023,4,70,จ.ราชบุรี,8.391087259,Province_10
288,289,2023,1,2023,4,72,จ.สุพรรณบุรี,7.187308629,Province_17
289,290,2023,1,2023,4,73,จ.นครปฐม,12.19684181,Province_5
290,291,2023,1,2023,4,74,จ.สมุทรสาคร,14.72088525,Province_14
291,292,2023,1,2023,4,75,จ.สมุทรสงคราม,10.60489856,Province_13
292,293,2023,1,2023,4,76,จ.เพชรบุรี,22.79715261,Province_19
308,309,2023,1,2023,5,10,กรุงเทพมหานคร,233.159259,Province_0
309,310,2023,1,2023,5,11,จ.สมุทรปราการ,239.2763409,Province_12
310,311,2023,1,2023,5,12,จ.นนทบุรี,209.5342213,Province_6
311,312,2023,1,2023,5,13,จ.ปทุมธานี,181.402784,Province_7
312,313,2023,1,2023,5,14,จ.พระนครศรีอยุธยา,181.7395491,Province_9
313,314,2023,1,2023,5,15,จ.อ่างทอง,183.8327057,Province_18
314,315,2023,1,2023,5,16,จ.ลพบุรี,207.1105268,Province_11
315,316,2023,1,2023,5,17,จ.สิงห์บุรี,199.3918299,Province_16
316,317,2023,1,2023,5,18,จ.ชัยนาท,202.4761328,Province_3
317,318,2023,1,2023,5,19,จ.สระบุรี,228.2932834,Province_15
322,323,2023,1,2023,5,24,จ.ฉะเชิงเทรา,223.814389,Province_2
324,325,2023,1,2023,5,26,จ.นครนายก,215.2975335,Province_4
363,364,2023,1,2023,5,70,จ.ราชบุรี,182.5412719,Province_10
365,366,2023,1,2023,5,72,จ.สุพรรณบุรี,163.128886,Province_17
366,367,2023,1,2023,5,73,จ.นครปฐม,176.8970709,Province_5
367,368,2023,1,2023,5,74,จ.สมุทรสาคร,226.9373859,Province_14
368,369,2023,1,2023,5,75,จ.สมุทรสงคราม,216.236,Province_13
369,370,2023,1,2023,5,76,จ.เพชรบุรี,151.6332989,Province_19
385,386,2023,1,2023,6,10,กรุงเทพมหานคร,115.4466998,Province_0
386,387,2023,1,2023,6,11,จ.สมุทรปราการ,116.9976621,Province_12
387,388,2023,1,2023,6,12,จ.นนทบุรี,115.4948029,Province_6
388,389,2023,1,2023,6,13,จ.ปทุมธานี,130.0541561,Province_7
389,390,2023,1,2023,6,14,จ.พระนครศรีอยุธยา,111.505446,Province_9
390,391,2023,1,2023,6,15,จ.อ่างทอง,92.66521187,Province_18
391,392,2023,1,2023,6,16,จ.ลพบุรี,127.3785588,Province_11
392,393,2023,1,2023,6,17,จ.สิงห์บุรี,92.52841495,Province_16
393,394,2023,1,2023,6,18,จ.ชัยนาท,97.2173064,Province_3
394,395,2023,1,2023,6,19,จ.สระบุรี,99.08780655,Province_15
399,400,2023,1,2023,6,24,จ.ฉะเชิงเทรา,168.2829955,Province_2
401,402,2023,1,2023,6,26,จ.นครนายก,124.0555692,Province_4
440,441,2023,1,2023,6,70,จ.ราชบุรี,90.40039014,Province_10
442,443,2023,1,2023,6,72,จ.สุพรรณบุรี,89.82937573,Province_17
443,444,2023,1,2023,6,73,จ.นครปฐม,110.3338011,Province_5
444,445,2023,1,2023,6,74,จ.สมุทรสาคร,106.9335409,Province_14
445,446,2023,1,2023,6,75,จ.สมุทรสงคราม,86.41660862,Province_13
446,447,2023,1,2023,6,76,จ.เพชรบุรี,64.77504874,Province_19
462,463,2023,2,2023,2,10,กรุงเทพมหานคร,7.221436206,Province_0
463,464,2023,2,2023,2,11,จ.สมุทรปราการ,6.642668365,Province_12
464,465,2023,2,2023,2,12,จ.นนทบุรี,7.32679174,Province_6
465,466,2023,2,2023,2,13,จ.ปทุมธานี,10.34393533,Province_7
466,467,2023,2,2023,2,14,จ.พระนครศรีอยุธยา,7.280295776,Province_9
467,468,2023,2,2023,2,15,จ.อ่างทอง,2.263453867,Province_18
468,469,2023,2,2023,2,16,จ.ลพบุรี,4.367899761,Province_11
469,470,2023,2,2023,2,17,จ.สิงห์บุรี,1.553227664,Province_16
470,471,2023,2,2023,2,18,จ.ชัยนาท,1.713415675,Province_3
471,472,2023,2,2023,2,19,จ.สระบุรี,3.557782697,Province_15
476,477,2023,2,2023,2,24,จ.ฉะเชิงเทรา,8.000106651,Province_2
478,479,2023,2,2023,2,26,จ.นครนายก,4.961149554,Province_4
517,518,2023,2,2023,2,70,จ.ราชบุรี,1.019125115,Province_10
519,520,2023,2,2023,2,72,จ.สุพรรณบุรี,1.654703286,Province_17
520,521,2023,2,2023,2,73,จ.นครปฐม,4.68929011,Province_5
521,522,2023,2,2023,2,74,จ.สมุทรสาคร,4.835366523,Province_14
522,523,2023,2,2023,2,75,จ.สมุทรสงคราม,1.328347824,Province_13
523,524,2023,2,2023,2,76,จ.เพชรบุรี,2.719379135,Province_19
539,540,2023,2,2023,3,10,กรุงเทพมหานคร,156.3168909,Province_0
540,541,2023,2,2023,3,11,จ.สมุทรปราการ,144.9018933,Province_12
541,542,2023,2,2023,3,12,จ.นนทบุรี,157.2669794,Province_6
542,543,2023,2,2023,3,13,จ.ปทุมธานี,166.8945664,Province_7
543,544,2023,2,2023,3,14,จ.พระนครศรีอยุธยา,157.3547513,Province_9
544,545,2023,2,2023,3,15,จ.อ่างทอง,122.6504862,Province_18
545,546,2023,2,2023,3,16,จ.ลพบุรี,77.1842078,Province_11
546,547,2023,2,2023,3,17,จ.สิงห์บุรี,90.87302588,Province_16
547,548,2023,2,2023,3,18,จ.ชัยนาท,64.3362423,Province_3
548,549,2023,2,2023,3,19,จ.สระบุรี,122.8983923,Province_15
553,554,2023,2,2023,3,24,จ.ฉะเชิงเทรา,123.322351,Province_2
555,556,2023,2,2023,3,26,จ.นครนายก,120.5584431,Province_4
594,595,2023,2,2023,3,70,จ.ราชบุรี,186.0932525,Province_10
596,597,2023,2,2023,3,72,จ.สุพรรณบุรี,110.5674013,Province_17
597,598,2023,2,2023,3,73,จ.นครปฐม,136.3675461,Province_5
598,599,2023,2,2023,3,74,จ.สมุทรสาคร,157.7162934,Province_14
599,600,2023,2,2023,3,75,จ.สมุทรสงคราม,196.1196523,Province_13
600,601,2023,2,2023,3,76,จ.เพชรบุรี,349.4985033,Province_19
616,617,2023,2,2023,4,10,กรุงเทพมหานคร,29.20181053,Province_0
617,618,2023,2,2023,4,11,จ.สมุทรปราการ,16.372338,Province_12
618,619,2023,2,2023,4,12,จ.นนทบุรี,35.15480297,Province_6
619,620,2023,2,2023,4,13,จ.ปทุมธานี,46.99973185,Province_7
620,621,2023,2,2023,4,14,จ.พระนครศรีอยุธยา,28.90693899,Province_9
621,622,2023,2,2023,4,15,จ.อ่างทอง,18.81645885,Province_18
622,623,2023,2,2023,4,16,จ.ลพบุรี,33.9353883,Province_11
623,624,2023,2,2023,4,17,จ.สิงห์บุรี,24.61547554,Province_16
624,625,2023,2,2023,4,18,จ.ชัยนาท,15.7435962,Province_3
625,626,2023,2,2023,4,19,จ.สระบุรี,50.21295644,Province_15
630,631,2023,2,2023,4,24,จ.ฉะเชิงเทรา,62.43158591,Province_2
632,633,2023,2,2023,4,26,จ.นครนายก,50.86223767,Province_4
671,672,2023,2,2023,4,70,จ.ราชบุรี,8.391087259,Province_10
673,674,2023,2,2023,4,72,จ.สุพรรณบุรี,7.187308629,Province_17
674,675,2023,2,2023,4,73,จ.นครปฐม,12.19684181,Province_5
675,676,2023,2,2023,4,74,จ.สมุทรสาคร,14.72088525,Province_14
676,677,2023,2,2023,4,75,จ.สมุทรสงคราม,10.60489856,Province_13
677,678,2023,2,2023,4,76,จ.เพชรบุรี,22.79715261,Province_19
693,694,2023,2,2023,5,10,กรุงเทพมหานคร,233.159259,Province_0
694,695,2023,2,2023,5,11,จ.สมุทรปราการ,239.2763409,Province_12
695,696,2023,2,2023,5,12,จ.นนทบุรี,209.5342213,Province_6
696,697,2023,2,2023,5,13,จ.ปทุมธานี,181.402784,Province_7
697,698,2023,2,2023,5,14,จ.พระนครศรีอยุธยา,181.7395491,Province_9
698,699,2023,2,2023,5,15,จ.อ่างทอง,183.8327057,Province_18
699,700,2023,2,2023,5,16,จ.ลพบุรี,207.1105268,Province_11
700,701,2023,2,2023,5,17,จ.สิงห์บุรี,199.3918299,Province_16
701,702,2023,2,2023,5,18,จ.ชัยนาท,202.4761328,Province_3
702,703,2023,2,2023,5,19,จ.สระบุรี,228.2932834,Province_15
707,708,2023,2,2023,5,24,จ.ฉะเชิงเทรา,223.814389,Province_2
709,710,2023,2,2023,5,26,จ.นครนายก,215.2975335,Province_4
748,749,2023,2,2023,5,70,จ.ราชบุรี,182.5412719,Province_10
750,751,2023,2,2023,5,72,จ.สุพรรณบุรี,163.128886,Province_17
751,752,2023,2,2023,5,73,จ.นครปฐม,176.8970709,Province_5
752,753,2023,2,2023,5,74,จ.สมุทรสาคร,226.9373859,Province_14
753,754,2023,2,2023,5,75,จ.สมุทรสงคราม,216.236,Province_13
754,755,2023,2,2023,5,76,จ.เพชรบุรี,151.6332989,Province_19
770,771,2023,2,2023,6,10,กรุงเทพมหานคร,115.4466998,Province_0
771,772,2023,2,2023,6,11,จ.สมุทรปราการ,116.9976621,Province_12
772,773,2023,2,2023,6,12,จ.นนทบุรี,115.4948029,Province_6
773,774,2023,2,2023,6,13,จ.ปทุมธานี,130.0541561,Province_7
774,775,2023,2,2023,6,14,จ.พระนครศรีอยุธยา,111.505446,Province_9
775,776,2023,2,2023,6,15,จ.อ่างทอง,92.66521187,Province_18
776,777,2023,2,2023,6,16,จ.ลพบุรี,127.3785588,Province_11
777,778,2023,2,2023,6,17,จ.สิงห์บุรี,92.52841495,Province_16
778,779,2023,2,2023,6,18,จ.ชัยนาท,97.2173064,Province_3
779,780,2023,2,2023,6,19,จ.สระบุรี,99.08780655,Province_15
784,785,2023,2,2023,6,24,จ.ฉะเชิงเทรา,168.2829955,Province_2
786,787,2023,2,2023,6,26,จ.นครนายก,124.0555692,Province_4
825,826,2023,2,2023,6,70,จ.ราชบุรี,90.40039014,Province_10
827,828,2023,2,2023,6,72,จ.สุพรรณบุรี,89.82937573,Province_17
828,829,2023,2,2023,6,73,จ.นครปฐม,110.3338011,Province_5
829,830,2023,2,2023,6,74,จ.สมุทรสาคร,106.9335409,Province_14
830,831,2023,2,2023,6,75,จ.สมุทรสงคราม,86.41660862,Province_13
831,832,2023,2,2023,6,76,จ.เพชรบุรี,64.77504874,Province_19
847,848,2023,2,2023,7,10,กรุงเทพมหานคร,68.28825824,Province_0
848,849,2023,2,2023,7,11,จ.สมุทรปราการ,49.65284625,Province_12
849,850,2023,2,2023,7,12,จ.นนทบุรี,79.26574112,Province_6
850,851,2023,2,2023,7,13,จ.ปทุมธานี,98.69169546,Province_7
851,852,2023,2,2023,7,14,จ.พระนครศรีอยุธยา,91.41453523,Province_9
852,853,2023,2,2023,7,15,จ.อ่างทอง,85.57689544,Province_18
853,854,2023,2,2023,7,16,จ.ลพบุรี,83.15565087,Province_11
854,855,2023,2,2023,7,17,จ.สิงห์บุรี,104.3306771,Province_16
855,856,2023,2,2023,7,18,จ.ชัยนาท,137.7902233,Province_3
856,857,2023,2,2023,7,19,จ.สระบุรี,85.20838895,Province_15
861,862,2023,2,2023,7,24,จ.ฉะเชิงเทรา,132.0045097,Province_2
863,864,2023,2,2023,7,26,จ.นครนายก,171.8331137,Province_4
902,903,2023,2,2023,7,70,จ.ราชบุรี,106.1102562,Province_10
904,905,2023,2,2023,7,72,จ.สุพรรณบุรี,106.1870329,Province_17
905,906,2023,2,2023,7,73,จ.นครปฐม,79.17401891,Province_5
906,907,2023,2,2023,7,74,จ.สมุทรสาคร,69.57933613,Province_14
907,908,2023,2,2023,7,75,จ.สมุทรสงคราม,114.1273043,Province_13
908,909,2023,2,2023,7,76,จ.เพชรบุรี,70.77125922,Province_19
924,925,2023,3,2023,3,10,กรุงเทพมหานคร,156.3168909,Province_0
925,926,2023,3,2023,3,11,จ.สมุทรปราการ,144.9018933,Province_12
926,927,2023,3,2023,3,12,จ.นนทบุรี,157.2669794,Province_6
927,928,2023,3,2023,3,13,จ.ปทุมธานี,166.8945664,Province_7
928,929,2023,3,2023,3,14,จ.พระนครศรีอยุธยา,157.3547513,Province_9
929,930,2023,3,2023,3,15,จ.อ่างทอง,122.6504862,Province_18
930,931,2023,3,2023,3,16,จ.ลพบุรี,77.1842078,Province_11
931,932,2023,3,2023,3,17,จ.สิงห์บุรี,90.87302588,Province_16
932,933,2023,3,2023,3,18,จ.ชัยนาท,64.3362423,Province_3
933,934,2023,3,2023,3,19,จ.สระบุรี,122.8983923,Province_15
938,939,2023,3,2023,3,24,จ.ฉะเชิงเทรา,123.322351,Province_2
940,941,2023,3,2023,3,26,จ.นครนายก,120.5584431,Province_4
979,980,2023,3,2023,3,70,จ.ราชบุรี,186.0932525,Province_10
981,982,2023,3,2023,3,72,จ.สุพรรณบุรี,110.5674013,Province_17
982,983,2023,3,2023,3,73,จ.นครปฐม,136.3675461,Province_5
983,984,2023,3,2023,3,74,จ.สมุทรสาคร,157.7162934,Province_14
984,985,2023,3,2023,3,75,จ.สมุทรสงคราม,196.1196523,Province_13
985,986,2023,3,2023,3,76,จ.เพชรบุรี,349.4985033,Province_19
1001,1002,2023,3,2023,4,10,กรุงเทพมหานคร,29.20181053,Province_0
1002,1003,2023,3,2023,4,11,จ.สมุทรปราการ,16.372338,Province_12
1003,1004,2023,3,2023,4,12,จ.นนทบุรี,35.15480297,Province_6
1004,1005,2023,3,2023,4,13,จ.ปทุมธานี,46.99973185,Province_7
1005,1006,2023,3,2023,4,14,จ.พระนครศรีอยุธยา,28.90693899,Province_9
1006,1007,2023,3,2023,4,15,จ.อ่างทอง,18.81645885,Province_18
1007,1008,2023,3,2023,4,16,จ.ลพบุรี,33.9353883,Province_11
1008,1009,2023,3,2023,4,17,จ.สิงห์บุรี,24.61547554,Province_16
1009,1010,2023,3,2023,4,18,จ.ชัยนาท,15.7435962,Province_3
1010,1011,2023,3,2023,4,19,จ.สระบุรี,50.21295644,Province_15
1015,1016,2023,3,2023,4,24,จ.ฉะเชิงเทรา,62.43158591,Province_2
1017,1018,2023,3,2023,4,26,จ.นครนายก,50.86223767,Province_4
1056,1057,2023,3,2023,4,70,จ.ราชบุรี,8.391087259,Province_10
1058,1059,2023,3,2023,4,72,จ.สุพรรณบุรี,7.187308629,Province_17
1059,1060,2023,3,2023,4,73,จ.นครปฐม,12.19684181,Province_5
1060,1061,2023,3,2023,4,74,จ.สมุทรสาคร,14.72088525,Province_14
1061,1062,2023,3,2023,4,75,จ.สมุทรสงคราม,10.60489856,Province_13
1062,1063,2023,3,2023,4,76,จ.เพชรบุรี,22.79715261,Province_19
1078,1079,2023,3,2023,5,10,กรุงเทพมหานคร,233.159259,Province_0
1079,1080,2023,3,2023,5,11,จ.สมุทรปราการ,239.2763409,Province_12
1080,1081,2023,3,2023,5,12,จ.นนทบุรี,209.5342213,Province_6
1081,1082,2023,3,2023,5,13,จ.ปทุมธานี,181.402784,Province_7
1082,1083,2023,3,2023,5,14,จ.พระนครศรีอยุธยา,181.7395491,Province_9
1083,1084,2023,3,2023,5,15,จ.อ่างทอง,183.8327057,Province_18
1084,1085,2023,3,2023,5,16,จ.ลพบุรี,207.1105268,Province_11
1085,1086,2023,3,2023,5,17,จ.สิงห์บุรี,199.3918299,Province_16
1086,1087,2023,3,2023,5,18,จ.ชัยนาท,202.4761328,Province_3
1087,1088,2023,3,2023,5,19,จ.สระบุรี,228.2932834,Province_15
1092,1093,2023,3,2023,5,24,จ.ฉะเชิงเทรา,223.814389,Province_2
1094,1095,2023,3,2023,5,26,จ.นครนายก,215.2975335,Province_4
1133,1134,2023,3,2023,5,70,จ.ราชบุรี,182.5412719,Province_10
1135,1136,2023,3,2023,5,72,จ.สุพรรณบุรี,163.128886,Province_17
1136,1137,2023,3,2023,5,73,จ.นครปฐม,176.8970709,Province_5
1137,1138,2023,3,2023,5,74,จ.สมุทรสาคร,226.9373859,Province_14
1138,1139,2023,3,2023,5,75,จ.สมุทรสงคราม,216.236,Province_13
1139,1140,2023,3,2023,5,76,จ.เพชรบุรี,151.6332989,Province_19
1155,1156,2023,3,2023,6,10,กรุงเทพมหานคร,115.4466998,Province_0
1156,1157,2023,3,2023,6,11,จ.สมุทรปราการ,116.9976621,Province_12
1157,1158,2023,3,2023,6,12,จ.นนทบุรี,115.4948029,Province_6
1158,1159,2023,3,2023,6,13,จ.ปทุมธานี,130.0541561,Province_7
1159,1160,2023,3,2023,6,14,จ.พระนครศรีอยุธยา,111.505446,Province_9
1160,1161,2023,3,2023,6,15,จ.อ่างทอง,92.66521187,Province_18
1161,1162,2023,3,2023,6,16,จ.ลพบุรี,127.3785588,Province_11
1162,1163,2023,3,2023,6,17,จ.สิงห์บุรี,92.52841495,Province_16
1163,1164,2023,3,2023,6,18,จ.ชัยนาท,97.2173064,Province_3
1164,1165,2023,3,2023,6,19,จ.สระบุรี,99.08780655,Province_15
1169,1170,2023,3,2023,6,24,จ.ฉะเชิงเทรา,168.2829955,Province_2
1171,1172,2023,3,2023,6,26,จ.นครนายก,124.0555692,Province_4
1210,1211,2023,3,2023,6,70,จ.ราชบุรี,90.40039014,Province_10
1212,1213,2023,3,2023,6,72,จ.สุพรรณบุรี,89.82937573,Province_17
1213,1214,2023,3,2023,6,73,จ.นครปฐม,110.3338011,Province_5
1214,1215,2023,3,2023,6,74,จ.สมุทรสาคร,106.9335409,Province_14
1215,1216,2023,3,2023,6,75,จ.สมุทรสงคราม,86.41660862,Province_13
1216,1217,2023,3,2023,6,76,จ.เพชรบุรี,64.77504874,Province_19
1232,1233,2023,3,2023,7,10,กรุงเทพมหานคร,68.28825824,Province_0
1233,1234,2023,3,2023,7,11,จ.สมุทรปราการ,49.65284625,Province_12
1234,1235,2023,3,2023,7,12,จ.นนทบุรี,79.26574112,Province_6
1235,1236,2023,3,2023,7,13,จ.ปทุมธานี,98.69169546,Province_7
1236,1237,2023,3,2023,7,14,จ.พระนครศรีอยุธยา,91.41453523,Province_9
1237,1238,2023,3,2023,7,15,จ.อ่างทอง,85.57689544,Province_18
1238,1239,2023,3,2023,7,16,จ.ลพบุรี,83.15565087,Province_11
1239,1240,2023,3,2023,7,17,จ.สิงห์บุรี,104.3306771,Province_16
1240,1241,2023,3,2023,7,18,จ.ชัยนาท,137.7902233,Province_3
1241,1242,2023,3,2023,7,19,จ.สระบุรี,85.20838895,Province_15
1246,1247,2023,3,2023,7,24,จ.ฉะเชิงเทรา,132.0045097,Province_2
1248,1249,2023,3,2023,7,26,จ.นครนายก,171.8331137,Province_4
1287,1288,2023,3,2023,7,70,จ.ราชบุรี,106.1102562,Province_10
1289,1290,2023,3,2023,7,72,จ.สุพรรณบุรี,106.1870329,Province_17
1290,1291,2023,3,2023,7,73,จ.นครปฐม,79.17401891,Province_5
1291,1292,2023,3,2023,7,74,จ.สมุทรสาคร,69.57933613,Province_14
1292,1293,2023,3,2023,7,75,จ.สมุทรสงคราม,114.1273043,Province_13
1293,1294,2023,3,2023,7,76,จ.เพชรบุรี,70.77125922,Province_19
1309,1310,2023,3,2023,8,10,กรุงเทพมหานคร,146.2998241,Province_0
1310,1311,2023,3,2023,8,11,จ.สมุทรปราการ,162.8922999,Province_12
1311,1312,2023,3,2023,8,12,จ.นนทบุรี,131.7257599,Province_6
1312,1313,2023,3,2023,8,13,จ.ปทุมธานี,138.2054338,Province_7
1313,1314,2023,3,2023,8,14,จ.พระนครศรีอยุธยา,116.881324,Province_9
1314,1315,2023,3,2023,8,15,จ.อ่างทอง,89.61110966,Province_18
1315,1316,2023,3,2023,8,16,จ.ลพบุรี,133.1575105,Province_11
1316,1317,2023,3,2023,8,17,จ.สิงห์บุรี,88.93737752,Province_16
1317,1318,2023,3,2023,8,18,จ.ชัยนาท,91.50720669,Province_3
1318,1319,2023,3,2023,8,19,จ.สระบุรี,114.3636955,Province_15
1323,1324,2023,3,2023,8,24,จ.ฉะเชิงเทรา,173.9053721,Province_2
1325,1326,2023,3,2023,8,26,จ.นครนายก,174.2902849,Province_4
1364,1365,2023,3,2023,8,70,จ.ราชบุรี,63.58694135,Province_10
1366,1367,2023,3,2023,8,72,จ.สุพรรณบุรี,94.5347805,Province_17
1367,1368,2023,3,2023,8,73,จ.นครปฐม,110.5713135,Province_5
1368,1369,2023,3,2023,8,74,จ.สมุทรสาคร,129.4234856,Province_14
1369,1370,2023,3,2023,8,75,จ.สมุทรสงคราม,67.11950729,Province_13
1370,1371,2023,3,2023,8,76,จ.เพชรบุรี,99.13540094,Province_19
1386,1387,2023,4,2023,4,10,กรุงเทพมหานคร,29.20181053,Province_0
1387,1388,2023,4,2023,4,11,จ.สมุทรปราการ,16.372338,Province_12
1388,1389,2023,4,2023,4,12,จ.นนทบุรี,35.15480297,Province_6
1389,1390,2023,4,2023,4,13,จ.ปทุมธานี,46.99973185,Province_7
1390,1391,2023,4,2023,4,14,จ.พระนครศรีอยุธยา,28.90693899,Province_9
1391,1392,2023,4,2023,4,15,จ.อ่างทอง,18.81645885,Province_18
1392,1393,2023,4,2023,4,16,จ.ลพบุรี,33.9353883,Province_11
1393,1394,2023,4,2023,4,17,จ.สิงห์บุรี,24.61547554,Province_16
1394,1395,2023,4,2023,4,18,จ.ชัยนาท,15.7435962,Province_3
1395,1396,2023,4,2023,4,19,จ.สระบุรี,50.21295644,Province_15
1400,1401,2023,4,2023,4,24,จ.ฉะเชิงเทรา,62.43158591,Province_2
1402,1403,2023,4,2023,4,26,จ.นครนายก,50.86223767,Province_4
1441,1442,2023,4,2023,4,70,จ.ราชบุรี,8.391087259,Province_10
1443,1444,2023,4,2023,4,72,จ.สุพรรณบุรี,7.187308629,Province_17
1444,1445,2023,4,2023,4,73,จ.นครปฐม,12.19684181,Province_5
1445,1446,2023,4,2023,4,74,จ.สมุทรสาคร,14.72088525,Province_14
1446,1447,2023,4,2023,4,75,จ.สมุทรสงคราม,10.60489856,Province_13
1447,1448,2023,4,2023,4,76,จ.เพชรบุรี,22.79715261,Province_19
1463,1464,2023,4,2023,5,10,กรุงเทพมหานคร,233.159259,Province_0
1464,1465,2023,4,2023,5,11,จ.สมุทรปราการ,239.2763409,Province_12
1465,1466,2023,4,2023,5,12,จ.นนทบุรี,209.5342213,Province_6
1466,1467,2023,4,2023,5,13,จ.ปทุมธานี,181.402784,Province_7
1467,1468,2023,4,2023,5,14,จ.พระนครศรีอยุธยา,181.7395491,Province_9
1468,1469,2023,4,2023,5,15,จ.อ่างทอง,183.8327057,Province_18
1469,1470,2023,4,2023,5,16,จ.ลพบุรี,207.1105268,Province_11
1470,1471,2023,4,2023,5,17,จ.สิงห์บุรี,199.3918299,Province_16
1471,1472,2023,4,2023,5,18,จ.ชัยนาท,202.4761328,Province_3
1472,1473,2023,4,2023,5,19,จ.สระบุรี,228.2932834,Province_15
1477,1478,2023,4,2023,5,24,จ.ฉะเชิงเทรา,223.814389,Province_2
1479,1480,2023,4,2023,5,26,จ.นครนายก,215.2975335,Province_4
1518,1519,2023,4,2023,5,70,จ.ราชบุรี,182.5412719,Province_10
1520,1521,2023,4,2023,5,72,จ.สุพรรณบุรี,163.128886,Province_17
1521,1522,2023,4,2023,5,73,จ.นครปฐม,176.8970709,Province_5
1522,1523,2023,4,2023,5,74,จ.สมุทรสาคร,226.9373859,Province_14
1523,1524,2023,4,2023,5,75,จ.สมุทรสงคราม,216.236,Province_13
1524,1525,2023,4,2023,5,76,จ.เพชรบุรี,151.6332989,Province_19
1540,1541,2023,4,2023,6,10,กรุงเทพมหานคร,115.4466998,Province_0
1541,1542,2023,4,2023,6,11,จ.สมุทรปราการ,116.9976621,Province_12
1542,1543,2023,4,2023,6,12,จ.นนทบุรี,115.4948029,Province_6
1543,1544,2023,4,2023,6,13,จ.ปทุมธานี,130.0541561,Province_7
1544,1545,2023,4,2023,6,14,จ.พระนครศรีอยุธยา,111.505446,Province_9
1545,1546,2023,4,2023,6,15,จ.อ่างทอง,92.66521187,Province_18
1546,1547,2023,4,2023,6,16,จ.ลพบุรี,127.3785588,Province_11
1547,1548,2023,4,2023,6,17,จ.สิงห์บุรี,92.52841495,Province_16
1548,1549,2023,4,2023,6,18,จ.ชัยนาท,97.2173064,Province_3
1549,1550,2023,4,2023,6,19,จ.สระบุรี,99.08780655,Province_15
1554,1555,2023,4,2023,6,24,จ.ฉะเชิงเทรา,168.2829955,Province_2
1556,1557,2023,4,2023,6,26,จ.นครนายก,124.0555692,Province_4
1595,1596,2023,4,2023,6,70,จ.ราชบุรี,90.40039014,Province_10
1597,1598,2023,4,2023,6,72,จ.สุพรรณบุรี,89.82937573,Province_17
1598,1599,2023,4,2023,6,73,จ.นครปฐม,110.3338011,Province_5
1599,1600,2023,4,2023,6,74,จ.สมุทรสาคร,106.9335409,Province_14
1600,1601,2023,4,2023,6,75,จ.สมุทรสงคราม,86.41660862,Province_13
1601,1602,2023,4,2023,6,76,จ.เพชรบุรี,64.77504874,Province_19
1617,1618,2023,4,2023,7,10,กรุงเทพมหานคร,68.28825824,Province_0
1618,1619,2023,4,2023,7,11,จ.สมุทรปราการ,49.65284625,Province_12
1619,1620,2023,4,2023,7,12,จ.นนทบุรี,79.26574112,Province_6
1620,1621,2023,4,2023,7,13,จ.ปทุมธานี,98.69169546,Province_7
1621,1622,2023,4,2023,7,14,จ.พระนครศรีอยุธยา,91.41453523,Province_9
1622,1623,2023,4,2023,7,15,จ.อ่างทอง,85.57689544,Province_18
1623,1624,2023,4,2023,7,16,จ.ลพบุรี,83.15565087,Province_11
1624,1625,2023,4,2023,7,17,จ.สิงห์บุรี,104.3306771,Province_16
1625,1626,2023,4,2023,7,18,จ.ชัยนาท,137.7902233,Province_3
1626,1627,2023,4,2023,7,19,จ.สระบุรี,85.20838895,Province_15
1631,1632,2023,4,2023,7,24,จ.ฉะเชิงเทรา,132.0045097,Province_2
1633,1634,2023,4,2023,7,26,จ.นครนายก,171.8331137,Province_4
1672,1673,2023,4,2023,7,70,จ.ราชบุรี,106.1102562,Province_10
1674,1675,2023,4,2023,7,72,จ.สุพรรณบุรี,106.1870329,Province_17
1675,1676,2023,4,2023,7,73,จ.นครปฐม,79.17401891,Province_5
1676,1677,2023,4,2023,7,74,จ.สมุทรสาคร,69.57933613,Province_14
1677,1678,2023,4,2023,7,75,จ.สมุทรสงคราม,114.1273043,Province_13
1678,1679,2023,4,2023,7,76,จ.เพชรบุรี,70.77125922,Province_19
1694,1695,2023,4,2023,8,10,กรุงเทพมหานคร,146.2998241,Province_0
1695,1696,2023,4,2023,8,11,จ.สมุทรปราการ,162.8922999,Province_12
1696,1697,2023,4,2023,8,12,จ.นนทบุรี,131.7257599,Province_6
1697,1698,2023,4,2023,8,13,จ.ปทุมธานี,138.2054338,Province_7
1698,1699,2023,4,2023,8,14,จ.พระนครศรีอยุธยา,116.881324,Province_9
1699,1700,2023,4,2023,8,15,จ.อ่างทอง,89.61110966,Province_18
1700,1701,2023,4,2023,8,16,จ.ลพบุรี,133.1575105,Province_11
1701,1702,2023,4,2023,8,17,จ.สิงห์บุรี,88.93737752,Province_16
1702,1703,2023,4,2023,8,18,จ.ชัยนาท,91.50720669,Province_3
1703,1704,2023,4,2023,8,19,จ.สระบุรี,114.3636955,Province_15
1708,1709,2023,4,2023,8,24,จ.ฉะเชิงเทรา,173.9053721,Province_2
1710,1711,2023,4,2023,8,26,จ.นครนายก,174.2902849,Province_4
1749,1750,2023,4,2023,8,70,จ.ราชบุรี,63.58694135,Province_10
1751,1752,2023,4,2023,8,72,จ.สุพรรณบุรี,94.5347805,Province_17
1752,1753,2023,4,2023,8,73,จ.นครปฐม,110.5713135,Province_5
1753,1754,2023,4,2023,8,74,จ.สมุทรสาคร,129.4234856,Province_14
1754,1755,2023,4,2023,8,75,จ.สมุทรสงคราม,67.11950729,Province_13
1755,1756,2023,4,2023,8,76,จ.เพชรบุรี,99.13540094,Province_19
1771,1772,2023,4,2023,9,10,กรุงเทพมหานคร,359.8683038,Province_0
1772,1773,2023,4,2023,9,11,จ.สมุทรปราการ,336.9566327,Province_12
1773,1774,2023,4,2023,9,12,จ.นนทบุรี,323.4897001,Province_6
1774,1775,2023,4,2023,9,13,จ.ปทุมธานี,257.1813646,Province_7
1775,1776,2023,4,2023,9,14,จ.พระนครศรีอยุธยา,167.7593426,Province_9
1776,1777,2023,4,2023,9,15,จ.อ่างทอง,140.870162,Province_18
1777,1778,2023,4,2023,9,16,จ.ลพบุรี,178.1375345,Province_11
1778,1779,2023,4,2023,9,17,จ.สิงห์บุรี,155.9275073,Province_16
1779,1780,2023,4,2023,9,18,จ.ชัยนาท,171.1003988,Province_3
1780,1781,2023,4,2023,9,19,จ.สระบุรี,136.6184741,Province_15
1785,1786,2023,4,2023,9,24,จ.ฉะเชิงเทรา,198.1129793,Province_2
1787,1788,2023,4,2023,9,26,จ.นครนายก,175.9660939,Province_4
1826,1827,2023,4,2023,9,70,จ.ราชบุรี,242.1317059,Province_10
1828,1829,2023,4,2023,9,72,จ.สุพรรณบุรี,161.1531923,Province_17
1829,1830,2023,4,2023,9,73,จ.นครปฐม,267.8754445,Province_5
1830,1831,2023,4,2023,9,74,จ.สมุทรสาคร,335.3764732,Province_14
1831,1832,2023,4,2023,9,75,จ.สมุทรสงคราม,277.7440289,Province_13
1832,1833,2023,4,2023,9,76,จ.เพชรบุรี,176.0546556,Province_19
1848,1849,2023,5,2023,5,10,กรุงเทพมหานคร,233.159259,Province_0
1849,1850,2023,5,2023,5,11,จ.สมุทรปราการ,239.2763409,Province_12
1850,1851,2023,5,2023,5,12,จ.นนทบุรี,209.5342213,Province_6
1851,1852,2023,5,2023,5,13,จ.ปทุมธานี,181.402784,Province_7
1852,1853,2023,5,2023,5,14,จ.พระนครศรีอยุธยา,181.7395491,Province_9
1853,1854,2023,5,2023,5,15,จ.อ่างทอง,183.8327057,Province_18
1854,1855,2023,5,2023,5,16,จ.ลพบุรี,207.1105268,Province_11
1855,1856,2023,5,2023,5,17,จ.สิงห์บุรี,199.3918299,Province_16
1856,1857,2023,5,2023,5,18,จ.ชัยนาท,202.4761328,Province_3
1857,1858,2023,5,2023,5,19,จ.สระบุรี,228.2932834,Province_15
1862,1863,2023,5,2023,5,24,จ.ฉะเชิงเทรา,223.814389,Province_2
1864,1865,2023,5,2023,5,26,จ.นครนายก,215.2975335,Province_4
1903,1904,2023,5,2023,5,70,จ.ราชบุรี,182.5412719,Province_10
1905,1906,2023,5,2023,5,72,จ.สุพรรณบุรี,163.128886,Province_17
1906,1907,2023,5,2023,5,73,จ.นครปฐม,176.8970709,Province_5
1907,1908,2023,5,2023,5,74,จ.สมุทรสาคร,226.9373859,Province_14
1908,1909,2023,5,2023,5,75,จ.สมุทรสงคราม,216.236,Province_13
1909,1910,2023,5,2023,5,76,จ.เพชรบุรี,151.6332989,Province_19
1925,1926,2023,5,2023,6,10,กรุงเทพมหานคร,115.4466998,Province_0
1926,1927,2023,5,2023,6,11,จ.สมุทรปราการ,116.9976621,Province_12
1927,1928,2023,5,2023,6,12,จ.นนทบุรี,115.4948029,Province_6
1928,1929,2023,5,2023,6,13,จ.ปทุมธานี,130.0541561,Province_7
1929,1930,2023,5,2023,6,14,จ.พระนครศรีอยุธยา,111.505446,Province_9
1930,1931,2023,5,2023,6,15,จ.อ่างทอง,92.66521187,Province_18
1931,1932,2023,5,2023,6,16,จ.ลพบุรี,127.3785588,Province_11
1932,1933,2023,5,2023,6,17,จ.สิงห์บุรี,92.52841495,Province_16
1933,1934,2023,5,2023,6,18,จ.ชัยนาท,97.2173064,Province_3
1934,1935,2023,5,2023,6,19,จ.สระบุรี,99.08780655,Province_15
1939,1940,2023,5,2023,6,24,จ.ฉะเชิงเทรา,168.2829955,Province_2
1941,1942,2023,5,2023,6,26,จ.นครนายก,124.0555692,Province_4
1980,1981,2023,5,2023,6,70,จ.ราชบุรี,90.40039014,Province_10
1982,1983,2023,5,2023,6,72,จ.สุพรรณบุรี,89.82937573,Province_17
1983,1984,2023,5,2023,6,73,จ.นครปฐม,110.3338011,Province_5
1984,1985,2023,5,2023,6,74,จ.สมุทรสาคร,106.9335409,Province_14
1985,1986,2023,5,2023,6,75,จ.สมุทรสงคราม,86.41660862,Province_13
1986,1987,2023,5,2023,6,76,จ.เพชรบุรี,64.77504874,Province_19
2002,2003,2023,5,2023,7,10,กรุงเทพมหานคร,68.28825824,Province_0
2003,2004,2023,5,2023,7,11,จ.สมุทรปราการ,49.65284625,Province_12
2004,2005,2023,5,2023,7,12,จ.นนทบุรี,79.26574112,Province_6
2005,2006,2023,5,2023,7,13,จ.ปทุมธานี,98.69169546,Province_7
2006,2007,2023,5,2023,7,14,จ.พระนครศรีอยุธยา,91.41453523,Province_9
2007,2008,2023,5,2023,7,15,จ.อ่างทอง,85.57689544,Province_18
2008,2009,2023,5,2023,7,16,จ.ลพบุรี,83.15565087,Province_11
2009,2010,2023,5,2023,7,17,จ.สิงห์บุรี,104.3306771,Province_16
2010,2011,2023,5,2023,7,18,จ.ชัยนาท,137.7902233,Province_3
2011,2012,2023,5,2023,7,19,จ.สระบุรี,85.20838895,Province_15
2016,2017,2023,5,2023,7,24,จ.ฉะเชิงเทรา,132.0045097,Province_2
2018,2019,2023,5,2023,7,26,จ.นครนายก,171.8331137,Province_4
2057,2058,2023,5,2023,7,70,จ.ราชบุรี,106.1102562,Province_10
2059,2060,2023,5,2023,7,72,จ.สุพรรณบุรี,106.1870329,Province_17
2060,2061,2023,5,2023,7,73,จ.นครปฐม,79.17401891,Province_5
2061,2062,2023,5,2023,7,74,จ.สมุทรสาคร,69.57933613,Province_14
2062,2063,2023,5,2023,7,75,จ.สมุทรสงคราม,114.1273043,Province_13
2063,2064,2023,5,2023,7,76,จ.เพชรบุรี,70.77125922,Province_19
2079,2080,2023,5,2023,8,10,กรุงเทพมหานคร,146.2998241,Province_0
2080,2081,2023,5,2023,8,11,จ.สมุทรปราการ,162.8922999,Province_12
2081,2082,2023,5,2023,8,12,จ.นนทบุรี,131.7257599,Province_6
2082,2083,2023,5,2023,8,13,จ.ปทุมธานี,138.2054338,Province_7
2083,2084,2023,5,2023,8,14,จ.พระนครศรีอยุธยา,116.881324,Province_9
2084,2085,2023,5,2023,8,15,จ.อ่างทอง,89.61110966,Province_18
2085,2086,2023,5,2023,8,16,จ.ลพบุรี,133.1575105,Province_11
2086,2087,2023,5,2023,8,17,จ.สิงห์บุรี,88.93737752,Province_16
2087,2088,2023,5,2023,8,18,จ.ชัยนาท,91.50720669,Province_3
2088,2089,2023,5,2023,8,19,จ.สระบุรี,114.3636955,Province_15
2093,2094,2023,5,2023,8,24,จ.ฉะเชิงเทรา,173.9053721,Province_2
2095,2096,2023,5,2023,8,26,จ.นครนายก,174.2902849,Province_4
2134,2135,2023,5,2023,8,70,จ.ราชบุรี,63.58694135,Province_10
2136,2137,2023,5,2023,8,72,จ.สุพรรณบุรี,94.5347805,Province_17
2137,2138,2023,5,2023,8,73,จ.นครปฐม,110.5713135,Province_5
2138,2139,2023,5,2023,8,74,จ.สมุทรสาคร,129.4234856,Province_14
2139,2140,2023,5,2023,8,75,จ.สมุทรสงคราม,67.11950729,Province_13
2140,2141,2023,5,2023,8,76,จ.เพชรบุรี,99.13540094,Province_19
2156,2157,2023,5,2023,9,10,กรุงเทพมหานคร,359.8683038,Province_0
2157,2158,2023,5,2023,9,11,จ.สมุทรปราการ,336.9566327,Province_12
2158,2159,2023,5,2023,9,12,จ.นนทบุรี,323.4897001,Province_6
2159,2160,2023,5,2023,9,13,จ.ปทุมธานี,257.1813646,Province_7
2160,2161,2023,5,2023,9,14,จ.พระนครศรีอยุธยา,167.7593426,Province_9
2161,2162,2023,5,2023,9,15,จ.อ่างทอง,140.870162,Province_18
2162,2163,2023,5,2023,9,16,จ.ลพบุรี,178.1375345,Province_11
2163,2164,2023,5,2023,9,17,จ.สิงห์บุรี,155.9275073,Province_16
2164,2165,2023,5,2023,9,18,จ.ชัยนาท,171.1003988,Province_3
2165,2166,2023,5,2023,9,19,จ.สระบุรี,136.6184741,Province_15
2170,2171,2023,5,2023,9,24,จ.ฉะเชิงเทรา,198.1129793,Province_2
2172,2173,2023,5,2023,9,26,จ.นครนายก,175.9660939,Province_4
2211,2212,2023,5,2023,9,70,จ.ราชบุรี,242.1317059,Province_10
2213,2214,2023,5,2023,9,72,จ.สุพรรณบุรี,161.1531923,Province_17
2214,2215,2023,5,2023,9,73,จ.นครปฐม,267.8754445,Province_5
2215,2216,2023,5,2023,9,74,จ.สมุทรสาคร,335.3764732,Province_14
2216,2217,2023,5,2023,9,75,จ.สมุทรสงคราม,277.7440289,Province_13
2217,2218,2023,5,2023,9,76,จ.เพชรบุรี,176.0546556,Province_19
2233,2234,2023,5,2023,10,10,กรุงเทพมหานคร,396.8567074,Province_0
2234,2235,2023,5,2023,10,11,จ.สมุทรปราการ,393.5737104,Province_12
2235,2236,2023,5,2023,10,12,จ.นนทบุรี,358.3823837,Province_6
2236,2237,2023,5,2023,10,13,จ.ปทุมธานี,277.5667276,Province_7
2237,2238,2023,5,2023,10,14,จ.พระนครศรีอยุธยา,194.3838922,Province_9
2238,2239,2023,5,2023,10,15,จ.อ่างทอง,179.9943517,Province_18
2239,2240,2023,5,2023,10,16,จ.ลพบุรี,140.7245236,Province_11
2240,2241,2023,5,2023,10,17,จ.สิงห์บุรี,150.6531122,Province_16
2241,2242,2023,5,2023,10,18,จ.ชัยนาท,136.8236389,Province_3
2242,2243,2023,5,2023,10,19,จ.สระบุรี,139.5098706,Province_15
2247,2248,2023,5,2023,10,24,จ.ฉะเชิงเทรา,208.6601762,Province_2
2249,2250,2023,5,2023,10,26,จ.นครนายก,206.258806,Province_4
2288,2289,2023,5,2023,10,70,จ.ราชบุรี,293.832066,Province_10
2290,2291,2023,5,2023,10,72,จ.สุพรรณบุรี,236.2996933,Province_17
2291,2292,2023,5,2023,10,73,จ.นครปฐม,343.5813248,Province_5
2292,2293,2023,5,2023,10,74,จ.สมุทรสาคร,392.5244261,Province_14
2293,2294,2023,5,2023,10,75,จ.สมุทรสงคราม,320.4849275,Province_13
2294,2295,2023,5,2023,10,76,จ.เพชรบุรี,302.2282036,Province_19
2310,2311,2023,6,2023,6,10,กรุงเทพมหานคร,115.4466998,Province_0
2311,2312,2023,6,2023,6,11,จ.สมุทรปราการ,116.9976621,Province_12
2312,2313,2023,6,2023,6,12,จ.นนทบุรี,115.4948029,Province_6
2313,2314,2023,6,2023,6,13,จ.ปทุมธานี,130.0541561,Province_7
2314,2315,2023,6,2023,6,14,จ.พระนครศรีอยุธยา,111.505446,Province_9
2315,2316,2023,6,2023,6,15,จ.อ่างทอง,92.66521187,Province_18
2316,2317,2023,6,2023,6,16,จ.ลพบุรี,127.3785588,Province_11
2317,2318,2023,6,2023,6,17,จ.สิงห์บุรี,92.52841495,Province_16
2318,2319,2023,6,2023,6,18,จ.ชัยนาท,97.2173064,Province_3
2319,2320,2023,6,2023,6,19,จ.สระบุรี,99.08780655,Province_15
2324,2325,2023,6,2023,6,24,จ.ฉะเชิงเทรา,168.2829955,Province_2
2326,2327,2023,6,2023,6,26,จ.นครนายก,124.0555692,Province_4
2365,2366,2023,6,2023,6,70,จ.ราชบุรี,90.40039014,Province_10
2367,2368,2023,6,2023,6,72,จ.สุพรรณบุรี,89.82937573,Province_17
2368,2369,2023,6,2023,6,73,จ.นครปฐม,110.3338011,Province_5
2369,2370,2023,6,2023,6,74,จ.สมุทรสาคร,106.9335409,Province_14
2370,2371,2023,6,2023,6,75,จ.สมุทรสงคราม,86.41660862,Province_13
2371,2372,2023,6,2023,6,76,จ.เพชรบุรี,64.77504874,Province_19
2387,2388,2023,6,2023,7,10,กรุงเทพมหานคร,68.28825824,Province_0
2388,2389,2023,6,2023,7,11,จ.สมุทรปราการ,49.65284625,Province_12
2389,2390,2023,6,2023,7,12,จ.นนทบุรี,79.26574112,Province_6
2390,2391,2023,6,2023,7,13,จ.ปทุมธานี,98.69169546,Province_7
2391,2392,2023,6,2023,7,14,จ.พระนครศรีอยุธยา,91.41453523,Province_9
2392,2393,2023,6,2023,7,15,จ.อ่างทอง,85.57689544,Province_18
2393,2394,2023,6,2023,7,16,จ.ลพบุรี,83.15565087,Province_11
2394,2395,2023,6,2023,7,17,จ.สิงห์บุรี,104.3306771,Province_16
2395,2396,2023,6,2023,7,18,จ.ชัยนาท,137.7902233,Province_3
2396,2397,2023,6,2023,7,19,จ.สระบุรี,85.20838895,Province_15
2401,2402,2023,6,2023,7,24,จ.ฉะเชิงเทรา,132.0045097,Province_2
2403,2404,2023,6,2023,7,26,จ.นครนายก,171.8331137,Province_4
2442,2443,2023,6,2023,7,70,จ.ราชบุรี,106.1102562,Province_10
2444,2445,2023,6,2023,7,72,จ.สุพรรณบุรี,106.1870329,Province_17
2445,2446,2023,6,2023,7,73,จ.นครปฐม,79.17401891,Province_5
2446,2447,2023,6,2023,7,74,จ.สมุทรสาคร,69.57933613,Province_14
2447,2448,2023,6,2023,7,75,จ.สมุทรสงคราม,114.1273043,Province_13
2448,2449,2023,6,2023,7,76,จ.เพชรบุรี,70.77125922,Province_19
2464,2465,2023,6,2023,8,10,กรุงเทพมหานคร,146.2998241,Province_0
2465,2466,2023,6,2023,8,11,จ.สมุทรปราการ,162.8922999,Province_12
2466,2467,2023,6,2023,8,12,จ.นนทบุรี,131.7257599,Province_6
2467,2468,2023,6,2023,8,13,จ.ปทุมธานี,138.2054338,Province_7
2468,2469,2023,6,2023,8,14,จ.พระนครศรีอยุธยา,116.881324,Province_9
2469,2470,2023,6,2023,8,15,จ.อ่างทอง,89.61110966,Province_18
2470,2471,2023,6,2023,8,16,จ.ลพบุรี,133.1575105,Province_11
2471,2472,2023,6,2023,8,17,จ.สิงห์บุรี,88.93737752,Province_16
2472,2473,2023,6,2023,8,18,จ.ชัยนาท,91.50720669,Province_3
2473,2474,2023,6,2023,8,19,จ.สระบุรี,114.3636955,Province_15
2478,2479,2023,6,2023,8,24,จ.ฉะเชิงเทรา,173.9053721,Province_2
2480,2481,2023,6,2023,8,26,จ.นครนายก,174.2902849,Province_4
2519,2520,2023,6,2023,8,70,จ.ราชบุรี,63.58694135,Province_10
2521,2522,2023,6,2023,8,72,จ.สุพรรณบุรี,94.5347805,Province_17
2522,2523,2023,6,2023,8,73,จ.นครปฐม,110.5713135,Province_5
2523,2524,2023,6,2023,8,74,จ.สมุทรสาคร,129.4234856,Province_14
2524,2525,2023,6,2023,8,75,จ.สมุทรสงคราม,67.11950729,Province_13
2525,2526,2023,6,2023,8,76,จ.เพชรบุรี,99.13540094,Province_19
2541,2542,2023,6,2023,9,10,กรุงเทพมหานคร,359.8683038,Province_0
2542,2543,2023,6,2023,9,11,จ.สมุทรปราการ,336.9566327,Province_12
2543,2544,2023,6,2023,9,12,จ.นนทบุรี,323.4897001,Province_6
2544,2545,2023,6,2023,9,13,จ.ปทุมธานี,257.1813646,Province_7
2545,2546,2023,6,2023,9,14,จ.พระนครศรีอยุธยา,167.7593426,Province_9
2546,2547,2023,6,2023,9,15,จ.อ่างทอง,140.870162,Province_18
2547,2548,2023,6,2023,9,16,จ.ลพบุรี,178.1375345,Province_11
2548,2549,2023,6,2023,9,17,จ.สิงห์บุรี,155.9275073,Province_16
2549,2550,2023,6,2023,9,18,จ.ชัยนาท,171.1003988,Province_3
2550,2551,2023,6,2023,9,19,จ.สระบุรี,136.6184741,Province_15
2555,2556,2023,6,2023,9,24,จ.ฉะเชิงเทรา,198.1129793,Province_2
2557,2558,2023,6,2023,9,26,จ.นครนายก,175.9660939,Province_4
2596,2597,2023,6,2023,9,70,จ.ราชบุรี,242.1317059,Province_10
2598,2599,2023,6,2023,9,72,จ.สุพรรณบุรี,161.1531923,Province_17
2599,2600,2023,6,2023,9,73,จ.นครปฐม,267.8754445,Province_5
2600,2601,2023,6,2023,9,74,จ.สมุทรสาคร,335.3764732,Province_14
2601,2602,2023,6,2023,9,75,จ.สมุทรสงคราม,277.7440289,Province_13
2602,2603,2023,6,2023,9,76,จ.เพชรบุรี,176.0546556,Province_19
2618,2619,2023,6,2023,10,10,กรุงเทพมหานคร,396.8567074,Province_0
2619,2620,2023,6,2023,10,11,จ.สมุทรปราการ,393.5737104,Province_12
2620,2621,2023,6,2023,10,12,จ.นนทบุรี,358.3823837,Province_6
2621,2622,2023,6,2023,10,13,จ.ปทุมธานี,277.5667276,Province_7
2622,2623,2023,6,2023,10,14,จ.พระนครศรีอยุธยา,194.3838922,Province_9
2623,2624,2023,6,2023,10,15,จ.อ่างทอง,179.9943517,Province_18
2624,2625,2023,6,2023,10,16,จ.ลพบุรี,140.7245236,Province_11
2625,2626,2023,6,2023,10,17,จ.สิงห์บุรี,150.6531122,Province_16
2626,2627,2023,6,2023,10,18,จ.ชัยนาท,136.8236389,Province_3
2627,2628,2023,6,2023,10,19,จ.สระบุรี,139.5098706,Province_15
2632,2633,2023,6,2023,10,24,จ.ฉะเชิงเทรา,208.6601762,Province_2
2634,2635,2023,6,2023,10,26,จ.นครนายก,206.258806,Province_4
2673,2674,2023,6,2023,10,70,จ.ราชบุรี,293.832066,Province_10
2675,2676,2023,6,2023,10,72,จ.สุพรรณบุรี,236.2996933,Province_17
2676,2677,2023,6,2023,10,73,จ.นครปฐม,343.5813248,Province_5
2677,2678,2023,6,2023,10,74,จ.สมุทรสาคร,392.5244261,Province_14
2678,2679,2023,6,2023,10,75,จ.สมุทรสงคราม,320.4849275,Province_13
2679,2680,2023,6,2023,10,76,จ.เพชรบุรี,302.2282036,Province_19
2695,2696,2023,6,2023,11,10,กรุงเทพมหานคร,42.1324217,Province_0
2696,2697,2023,6,2023,11,11,จ.สมุทรปราการ,58.77719189,Province_12
2697,2698,2023,6,2023,11,12,จ.นนทบุรี,34.90594741,Province_6
2698,2699,2023,6,2023,11,13,จ.ปทุมธานี,38.32341478,Province_7
2699,2700,2023,6,2023,11,14,จ.พระนครศรีอยุธยา,28.13745544,Province_9
2700,2701,2023,6,2023,11,15,จ.อ่างทอง,22.69693269,Province_18
2701,2702,2023,6,2023,11,16,จ.ลพบุรี,8.804398755,Province_11
2702,2703,2023,6,2023,11,17,จ.สิงห์บุรี,11.21920749,Province_16
2703,2704,2023,6,2023,11,18,จ.ชัยนาท,6.387396681,Province_3
2704,2705,2023,6,2023,11,19,จ.สระบุรี,10.18483311,Province_15
2709,2710,2023,6,2023,11,24,จ.ฉะเชิงเทรา,23.13199399,Province_2
2711,2712,2023,6,2023,11,26,จ.นครนายก,12.87692522,Province_4
2750,2751,2023,6,2023,11,70,จ.ราชบุรี,25.77643351,Province_10
2752,2753,2023,6,2023,11,72,จ.สุพรรณบุรี,24.85209353,Province_17
2753,2754,2023,6,2023,11,73,จ.นครปฐม,35.53930685,Province_5
2754,2755,2023,6,2023,11,74,จ.สมุทรสาคร,39.95199167,Province_14
2755,2756,2023,6,2023,11,75,จ.สมุทรสงคราม,26.15086952,Province_13
2756,2757,2023,6,2023,11,76,จ.เพชรบุรี,24.28122811,Province_19
2772,2773,2023,7,2023,7,10,กรุงเทพมหานคร,68.28825824,Province_0
2773,2774,2023,7,2023,7,11,จ.สมุทรปราการ,49.65284625,Province_12
2774,2775,2023,7,2023,7,12,จ.นนทบุรี,79.26574112,Province_6
2775,2776,2023,7,2023,7,13,จ.ปทุมธานี,98.69169546,Province_7
2776,2777,2023,7,2023,7,14,จ.พระนครศรีอยุธยา,91.41453523,Province_9
2777,2778,2023,7,2023,7,15,จ.อ่างทอง,85.57689544,Province_18
2778,2779,2023,7,2023,7,16,จ.ลพบุรี,83.15565087,Province_11
2779,2780,2023,7,2023,7,17,จ.สิงห์บุรี,104.3306771,Province_16
2780,2781,2023,7,2023,7,18,จ.ชัยนาท,137.7902233,Province_3
2781,2782,2023,7,2023,7,19,จ.สระบุรี,85.20838895,Province_15
2786,2787,2023,7,2023,7,24,จ.ฉะเชิงเทรา,132.0045097,Province_2
2788,2789,2023,7,2023,7,26,จ.นครนายก,171.8331137,Province_4
2827,2828,2023,7,2023,7,70,จ.ราชบุรี,106.1102562,Province_10
2829,2830,2023,7,2023,7,72,จ.สุพรรณบุรี,106.1870329,Province_17
2830,2831,2023,7,2023,7,73,จ.นครปฐม,79.17401891,Province_5
2831,2832,2023,7,2023,7,74,จ.สมุทรสาคร,69.57933613,Province_14
2832,2833,2023,7,2023,7,75,จ.สมุทรสงคราม,114.1273043,Province_13
2833,2834,2023,7,2023,7,76,จ.เพชรบุรี,70.77125922,Province_19
2849,2850,2023,7,2023,8,10,กรุงเทพมหานคร,146.2998241,Province_0
2850,2851,2023,7,2023,8,11,จ.สมุทรปราการ,162.8922999,Province_12
2851,2852,2023,7,2023,8,12,จ.นนทบุรี,131.7257599,Province_6
2852,2853,2023,7,2023,8,13,จ.ปทุมธานี,138.2054338,Province_7
2853,2854,2023,7,2023,8,14,จ.พระนครศรีอยุธยา,116.881324,Province_9
2854,2855,2023,7,2023,8,15,จ.อ่างทอง,89.61110966,Province_18
2855,2856,2023,7,2023,8,16,จ.ลพบุรี,133.1575105,Province_11
2856,2857,2023,7,2023,8,17,จ.สิงห์บุรี,88.93737752,Province_16
2857,2858,2023,7,2023,8,18,จ.ชัยนาท,91.50720669,Province_3
2858,2859,2023,7,2023,8,19,จ.สระบุรี,114.3636955,Province_15
2863,2864,2023,7,2023,8,24,จ.ฉะเชิงเทรา,173.9053721,Province_2
2865,2866,2023,7,2023,8,26,จ.นครนายก,174.2902849,Province_4
2904,2905,2023,7,2023,8,70,จ.ราชบุรี,63.58694135,Province_10
2906,2907,2023,7,2023,8,72,จ.สุพรรณบุรี,94.5347805,Province_17
2907,2908,2023,7,2023,8,73,จ.นครปฐม,110.5713135,Province_5
2908,2909,2023,7,2023,8,74,จ.สมุทรสาคร,129.4234856,Province_14
2909,2910,2023,7,2023,8,75,จ.สมุทรสงคราม,67.11950729,Province_13
2910,2911,2023,7,2023,8,76,จ.เพชรบุรี,99.13540094,Province_19
2926,2927,2023,7,2023,9,10,กรุงเทพมหานคร,359.8683038,Province_0
2927,2928,2023,7,2023,9,11,จ.สมุทรปราการ,336.9566327,Province_12
2928,2929,2023,7,2023,9,12,จ.นนทบุรี,323.4897001,Province_6
2929,2930,2023,7,2023,9,13,จ.ปทุมธานี,257.1813646,Province_7
2930,2931,2023,7,2023,9,14,จ.พระนครศรีอยุธยา,167.7593426,Province_9
2931,2932,2023,7,2023,9,15,จ.อ่างทอง,140.870162,Province_18
2932,2933,2023,7,2023,9,16,จ.ลพบุรี,178.1375345,Province_11
2933,2934,2023,7,2023,9,17,จ.สิงห์บุรี,155.9275073,Province_16
2934,2935,2023,7,2023,9,18,จ.ชัยนาท,171.1003988,Province_3
2935,2936,2023,7,2023,9,19,จ.สระบุรี,136.6184741,Province_15
2940,2941,2023,7,2023,9,24,จ.ฉะเชิงเทรา,198.1129793,Province_2
2942,2943,2023,7,2023,9,26,จ.นครนายก,175.9660939,Province_4
2981,2982,2023,7,2023,9,70,จ.ราชบุรี,242.1317059,Province_10
2983,2984,2023,7,2023,9,72,จ.สุพรรณบุรี,161.1531923,Province_17
2984,2985,2023,7,2023,9,73,จ.นครปฐม,267.8754445,Province_5
2985,2986,2023,7,2023,9,74,จ.สมุทรสาคร,335.3764732,Province_14
2986,2987,2023,7,2023,9,75,จ.สมุทรสงคราม,277.7440289,Province_13
2987,2988,2023,7,2023,9,76,จ.เพชรบุรี,176.0546556,Province_19
3003,3004,2023,7,2023,10,10,กรุงเทพมหานคร,396.8567074,Province_0
3004,3005,2023,7,2023,10,11,จ.สมุทรปราการ,393.5737104,Province_12
3005,3006,2023,7,2023,10,12,จ.นนทบุรี,358.3823837,Province_6
3006,3007,2023,7,2023,10,13,จ.ปทุมธานี,277.5667276,Province_7
3007,3008,2023,7,2023,10,14,จ.พระนครศรีอยุธยา,194.3838922,Province_9
3008,3009,2023,7,2023,10,15,จ.อ่างทอง,179.9943517,Province_18
3009,3010,2023,7,2023,10,16,จ.ลพบุรี,140.7245236,Province_11
3010,3011,2023,7,2023,10,17,จ.สิงห์บุรี,150.6531122,Province_16
3011,3012,2023,7,2023,10,18,จ.ชัยนาท,136.8236389,Province_3
3012,3013,2023,7,2023,10,19,จ.สระบุรี,139.5098706,Province_15
3017,3018,2023,7,2023,10,24,จ.ฉะเชิงเทรา,208.6601762,Province_2
3019,3020,2023,7,2023,10,26,จ.นครนายก,206.258806,Province_4
3058,3059,2023,7,2023,10,70,จ.ราชบุรี,293.832066,Province_10
3060,3061,2023,7,2023,10,72,จ.สุพรรณบุรี,236.2996933,Province_17
3061,3062,2023,7,2023,10,73,จ.นครปฐม,343.5813248,Province_5
3062,3063,2023,7,2023,10,74,จ.สมุทรสาคร,392.5244261,Province_14
3063,3064,2023,7,2023,10,75,จ.สมุทรสงคราม,320.4849275,Province_13
3064,3065,2023,7,2023,10,76,จ.เพชรบุรี,302.2282036,Province_19
3080,3081,2023,7,2023,11,10,กรุงเทพมหานคร,42.1324217,Province_0
3081,3082,2023,7,2023,11,11,จ.สมุทรปราการ,58.77719189,Province_12
3082,3083,2023,7,2023,11,12,จ.นนทบุรี,34.90594741,Province_6
3083,3084,2023,7,2023,11,13,จ.ปทุมธานี,38.32341478,Province_7
3084,3085,2023,7,2023,11,14,จ.พระนครศรีอยุธยา,28.13745544,Province_9
3085,3086,2023,7,2023,11,15,จ.อ่างทอง,22.69693269,Province_18
3086,3087,2023,7,2023,11,16,จ.ลพบุรี,8.804398755,Province_11
3087,3088,2023,7,2023,11,17,จ.สิงห์บุรี,11.21920749,Province_16
3088,3089,2023,7,2023,11,18,จ.ชัยนาท,6.387396681,Province_3
3089,3090,2023,7,2023,11,19,จ.สระบุรี,10.18483311,Province_15
3094,3095,2023,7,2023,11,24,จ.ฉะเชิงเทรา,23.13199399,Province_2
3096,3097,2023,7,2023,11,26,จ.นครนายก,12.87692522,Province_4
3135,3136,2023,7,2023,11,70,จ.ราชบุรี,25.77643351,Province_10
3137,3138,2023,7,2023,11,72,จ.สุพรรณบุรี,24.85209353,Province_17
3138,3139,2023,7,2023,11,73,จ.นครปฐม,35.53930685,Province_5
3139,3140,2023,7,2023,11,74,จ.สมุทรสาคร,39.95199167,Province_14
3140,3141,2023,7,2023,11,75,จ.สมุทรสงคราม,26.15086952,Province_13
3141,3142,2023,7,2023,11,76,จ.เพชรบุรี,24.28122811,Province_19
3157,3158,2023,7,2023,12,10,กรุงเทพมหานคร,9.181886939,Province_0
3158,3159,2023,7,2023,12,11,จ.สมุทรปราการ,9.562096572,Province_12
3159,3160,2023,7,2023,12,12,จ.นนทบุรี,6.787504686,Province_6
3160,3161,2023,7,2023,12,13,จ.ปทุมธานี,3.935820194,Province_7
3161,3162,2023,7,2023,12,14,จ.พระนครศรีอยุธยา,5.981812207,Province_9
3162,3163,2023,7,2023,12,15,จ.อ่างทอง,7.329289282,Province_18
3163,3164,2023,7,2023,12,16,จ.ลพบุรี,0.938008077,Province_11
3164,3165,2023,7,2023,12,17,จ.สิงห์บุรี,2.878299715,Province_16
3165,3166,2023,7,2023,12,18,จ.ชัยนาท,1.315933491,Province_3
3166,3167,2023,7,2023,12,19,จ.สระบุรี,3.738375344,Province_15
3171,3172,2023,7,2023,12,24,จ.ฉะเชิงเทรา,10.41501275,Province_2
3173,3174,2023,7,2023,12,26,จ.นครนายก,3.164648439,Province_4
3212,3213,2023,7,2023,12,70,จ.ราชบุรี,2.718044784,Province_10
3214,3215,2023,7,2023,12,72,จ.สุพรรณบุรี,6.262733293,Province_17
3215,3216,2023,7,2023,12,73,จ.นครปฐม,3.848591387,Province_5
3216,3217,2023,7,2023,12,74,จ.สมุทรสาคร,8.502724745,Province_14
3217,3218,2023,7,2023,12,75,จ.สมุทรสงคราม,4.926144923,Province_13
3218,3219,2023,7,2023,12,76,จ.เพชรบุรี,8.017179835,Province_19
3234,3235,2023,8,2023,8,10,กรุงเทพมหานคร,146.2998241,Province_0
3235,3236,2023,8,2023,8,11,จ.สมุทรปราการ,162.8922999,Province_12
3236,3237,2023,8,2023,8,12,จ.นนทบุรี,131.7257599,Province_6
3237,3238,2023,8,2023,8,13,จ.ปทุมธานี,138.2054338,Province_7
3238,3239,2023,8,2023,8,14,จ.พระนครศรีอยุธยา,116.881324,Province_9
3239,3240,2023,8,2023,8,15,จ.อ่างทอง,89.61110966,Province_18
3240,3241,2023,8,2023,8,16,จ.ลพบุรี,133.1575105,Province_11
3241,3242,2023,8,2023,8,17,จ.สิงห์บุรี,88.93737752,Province_16
3242,3243,2023,8,2023,8,18,จ.ชัยนาท,91.50720669,Province_3
3243,3244,2023,8,2023,8,19,จ.สระบุรี,114.3636955,Province_15
3248,3249,2023,8,2023,8,24,จ.ฉะเชิงเทรา,173.9053721,Province_2
3250,3251,2023,8,2023,8,26,จ.นครนายก,174.2902849,Province_4
3289,3290,2023,8,2023,8,70,จ.ราชบุรี,63.58694135,Province_10
3291,3292,2023,8,2023,8,72,จ.สุพรรณบุรี,94.5347805,Province_17
3292,3293,2023,8,2023,8,73,จ.นครปฐม,110.5713135,Province_5
3293,3294,2023,8,2023,8,74,จ.สมุทรสาคร,129.4234856,Province_14
3294,3295,2023,8,2023,8,75,จ.สมุทรสงคราม,67.11950729,Province_13
3295,3296,2023,8,2023,8,76,จ.เพชรบุรี,99.13540094,Province_19
3311,3312,2023,8,2023,9,10,กรุงเทพมหานคร,359.8683038,Province_0
3312,3313,2023,8,2023,9,11,จ.สมุทรปราการ,336.9566327,Province_12
3313,3314,2023,8,2023,9,12,จ.นนทบุรี,323.4897001,Province_6
3314,3315,2023,8,2023,9,13,จ.ปทุมธานี,257.1813646,Province_7
3315,3316,2023,8,2023,9,14,จ.พระนครศรีอยุธยา,167.7593426,Province_9
3316,3317,2023,8,2023,9,15,จ.อ่างทอง,140.870162,Province_18
3317,3318,2023,8,2023,9,16,จ.ลพบุรี,178.1375345,Province_11
3318,3319,2023,8,2023,9,17,จ.สิงห์บุรี,155.9275073,Province_16
3319,3320,2023,8,2023,9,18,จ.ชัยนาท,171.1003988,Province_3
3320,3321,2023,8,2023,9,19,จ.สระบุรี,136.6184741,Province_15
3325,3326,2023,8,2023,9,24,จ.ฉะเชิงเทรา,198.1129793,Province_2
3327,3328,2023,8,2023,9,26,จ.นครนายก,175.9660939,Province_4
3366,3367,2023,8,2023,9,70,จ.ราชบุรี,242.1317059,Province_10
3368,3369,2023,8,2023,9,72,จ.สุพรรณบุรี,161.1531923,Province_17
3369,3370,2023,8,2023,9,73,จ.นครปฐม,267.8754445,Province_5
3370,3371,2023,8,2023,9,74,จ.สมุทรสาคร,335.3764732,Province_14
3371,3372,2023,8,2023,9,75,จ.สมุทรสงคราม,277.7440289,Province_13
3372,3373,2023,8,2023,9,76,จ.เพชรบุรี,176.0546556,Province_19
3388,3389,2023,8,2023,10,10,กรุงเทพมหานคร,396.8567074,Province_0
3389,3390,2023,8,2023,10,11,จ.สมุทรปราการ,393.5737104,Province_12
3390,3391,2023,8,2023,10,12,จ.นนทบุรี,358.3823837,Province_6
3391,3392,2023,8,2023,10,13,จ.ปทุมธานี,277.5667276,Province_7
3392,3393,2023,8,2023,10,14,จ.พระนครศรีอยุธยา,194.3838922,Province_9
3393,3394,2023,8,2023,10,15,จ.อ่างทอง,179.9943517,Province_18
3394,3395,2023,8,2023,10,16,จ.ลพบุรี,140.7245236,Province_11
3395,3396,2023,8,2023,10,17,จ.สิงห์บุรี,150.6531122,Province_16
3396,3397,2023,8,2023,10,18,จ.ชัยนาท,136.8236389,Province_3
3397,3398,2023,8,2023,10,19,จ.สระบุรี,139.5098706,Province_15
3402,3403,2023,8,2023,10,24,จ.ฉะเชิงเทรา,208.6601762,Province_2
3404,3405,2023,8,2023,10,26,จ.นครนายก,206.258806,Province_4
3443,3444,2023,8,2023,10,70,จ.ราชบุรี,293.832066,Province_10
3445,3446,2023,8,2023,10,72,จ.สุพรรณบุรี,236.2996933,Province_17
3446,3447,2023,8,2023,10,73,จ.นครปฐม,343.5813248,Province_5
3447,3448,2023,8,2023,10,74,จ.สมุทรสาคร,392.5244261,Province_14
3448,3449,2023,8,2023,10,75,จ.สมุทรสงคราม,320.4849275,Province_13
3449,3450,2023,8,2023,10,76,จ.เพชรบุรี,302.2282036,Province_19
3465,3466,2023,8,2023,11,10,กรุงเทพมหานคร,42.1324217,Province_0
3466,3467,2023,8,2023,11,11,จ.สมุทรปราการ,58.77719189,Province_12
3467,3468,2023,8,2023,11,12,จ.นนทบุรี,34.90594741,Province_6
3468,3469,2023,8,2023,11,13,จ.ปทุมธานี,38.32341478,Province_7
3469,3470,2023,8,2023,11,14,จ.พระนครศรีอยุธยา,28.13745544,Province_9
3470,3471,2023,8,2023,11,15,จ.อ่างทอง,22.69693269,Province_18
3471,3472,2023,8,2023,11,16,จ.ลพบุรี,8.804398755,Province_11
3472,3473,2023,8,2023,11,17,จ.สิงห์บุรี,11.21920749,Province_16
3473,3474,2023,8,2023,11,18,จ.ชัยนาท,6.387396681,Province_3
3474,3475,2023,8,2023,11,19,จ.สระบุรี,10.18483311,Province_15
3479,3480,2023,8,2023,11,24,จ.ฉะเชิงเทรา,23.13199399,Province_2
3481,3482,2023,8,2023,11,26,จ.นครนายก,12.87692522,Province_4
3520,3521,2023,8,2023,11,70,จ.ราชบุรี,25.77643351,Province_10
3522,3523,2023,8,2023,11,72,จ.สุพรรณบุรี,24.85209353,Province_17
3523,3524,2023,8,2023,11,73,จ.นครปฐม,35.53930685,Province_5
3524,3525,2023,8,2023,11,74,จ.สมุทรสาคร,39.95199167,Province_14
3525,3526,2023,8,2023,11,75,จ.สมุทรสงคราม,26.15086952,Province_13
3526,3527,2023,8,2023,11,76,จ.เพชรบุรี,24.28122811,Province_19
3542,3543,2023,8,2023,12,10,กรุงเทพมหานคร,9.181886939,Province_0
3543,3544,2023,8,2023,12,11,จ.สมุทรปราการ,9.562096572,Province_12
3544,3545,2023,8,2023,12,12,จ.นนทบุรี,6.787504686,Province_6
3545,3546,2023,8,2023,12,13,จ.ปทุมธานี,3.935820194,Province_7
3546,3547,2023,8,2023,12,14,จ.พระนครศรีอยุธยา,5.981812207,Province_9
3547,3548,2023,8,2023,12,15,จ.อ่างทอง,7.329289282,Province_18
3548,3549,2023,8,2023,12,16,จ.ลพบุรี,0.938008077,Province_11
3549,3550,2023,8,2023,12,17,จ.สิงห์บุรี,2.878299715,Province_16
3550,3551,2023,8,2023,12,18,จ.ชัยนาท,1.315933491,Province_3
3551,3552,2023,8,2023,12,19,จ.สระบุรี,3.738375344,Province_15
3556,3557,2023,8,2023,12,24,จ.ฉะเชิงเทรา,10.41501275,Province_2
3558,3559,2023,8,2023,12,26,จ.นครนายก,3.164648439,Province_4
3597,3598,2023,8,2023,12,70,จ.ราชบุรี,2.718044784,Province_10
3599,3600,2023,8,2023,12,72,จ.สุพรรณบุรี,6.262733293,Province_17
3600,3601,2023,8,2023,12,73,จ.นครปฐม,3.848591387,Province_5
3601,3602,2023,8,2023,12,74,จ.สมุทรสาคร,8.502724745,Province_14
3602,3603,2023,8,2023,12,75,จ.สมุทรสงคราม,4.926144923,Province_13
3603,3604,2023,8,2023,12,76,จ.เพชรบุรี,8.017179835,Province_19
3619,3620,2023,8,2024,1,10,กรุงเทพมหานคร,1.291359817,Province_0
3620,3621,2023,8,2024,1,11,จ.สมุทรปราการ,6.111817032,Province_12
3621,3622,2023,8,2024,1,12,จ.นนทบุรี,0.120919325,Province_6
3622,3623,2023,8,2024,1,13,จ.ปทุมธานี,2.355449523,Province_7
3623,3624,2023,8,2024,1,14,จ.พระนครศรีอยุธยา,16.02084506,Province_9
3624,3625,2023,8,2024,1,15,จ.อ่างทอง,13.14105985,Province_18
3625,3626,2023,8,2024,1,16,จ.ลพบุรี,12.14219755,Province_11
3626,3627,2023,8,2024,1,17,จ.สิงห์บุรี,14.0022046,Province_16
3627,3628,2023,8,2024,1,18,จ.ชัยนาท,11.14867458,Province_3
3628,3629,2023,8,2024,1,19,จ.สระบุรี,18.27636919,Province_15
3633,3634,2023,8,2024,1,24,จ.ฉะเชิงเทรา,6.213241363,Province_2
3635,3636,2023,8,2024,1,26,จ.นครนายก,7.600452012,Province_4
3674,3675,2023,8,2024,1,70,จ.ราชบุรี,0.05956602,Province_10
3676,3677,2023,8,2024,1,72,จ.สุพรรณบุรี,3.095521729,Province_17
3677,3678,2023,8,2024,1,73,จ.นครปฐม,0.08294578,Province_5
3678,3679,2023,8,2024,1,74,จ.สมุทรสาคร,4.362060859,Province_14
3679,3680,2023,8,2024,1,75,จ.สมุทรสงคราม,1.918898552,Province_13
3680,3681,2023,8,2024,1,76,จ.เพชรบุรี,0.709410277,Province_19
3696,3697,2023,9,2023,9,10,กรุงเทพมหานคร,359.8683038,Province_0
3697,3698,2023,9,2023,9,11,จ.สมุทรปราการ,336.9566327,Province_12
3698,3699,2023,9,2023,9,12,จ.นนทบุรี,323.4897001,Province_6
3699,3700,2023,9,2023,9,13,จ.ปทุมธานี,257.1813646,Province_7
3700,3701,2023,9,2023,9,14,จ.พระนครศรีอยุธยา,167.7593426,Province_9
3701,3702,2023,9,2023,9,15,จ.อ่างทอง,140.870162,Province_18
3702,3703,2023,9,2023,9,16,จ.ลพบุรี,178.1375345,Province_11
3703,3704,2023,9,2023,9,17,จ.สิงห์บุรี,155.9275073,Province_16
3704,3705,2023,9,2023,9,18,จ.ชัยนาท,171.1003988,Province_3
3705,3706,2023,9,2023,9,19,จ.สระบุรี,136.6184741,Province_15
3710,3711,2023,9,2023,9,24,จ.ฉะเชิงเทรา,198.1129793,Province_2
3712,3713,2023,9,2023,9,26,จ.นครนายก,175.9660939,Province_4
3751,3752,2023,9,2023,9,70,จ.ราชบุรี,242.1317059,Province_10
3753,3754,2023,9,2023,9,72,จ.สุพรรณบุรี,161.1531923,Province_17
3754,3755,2023,9,2023,9,73,จ.นครปฐม,267.8754445,Province_5
3755,3756,2023,9,2023,9,74,จ.สมุทรสาคร,335.3764732,Province_14
3756,3757,2023,9,2023,9,75,จ.สมุทรสงคราม,277.7440289,Province_13
3757,3758,2023,9,2023,9,76,จ.เพชรบุรี,176.0546556,Province_19
3773,3774,2023,9,2023,10,10,กรุงเทพมหานคร,396.8567074,Province_0
3774,3775,2023,9,2023,10,11,จ.สมุทรปราการ,393.5737104,Province_12
3775,3776,2023,9,2023,10,12,จ.นนทบุรี,358.3823837,Province_6
3776,3777,2023,9,2023,10,13,จ.ปทุมธานี,277.5667276,Province_7
3777,3778,2023,9,2023,10,14,จ.พระนครศรีอยุธยา,194.3838922,Province_9
3778,3779,2023,9,2023,10,15,จ.อ่างทอง,179.9943517,Province_18
3779,3780,2023,9,2023,10,16,จ.ลพบุรี,140.7245236,Province_11
3780,3781,2023,9,2023,10,17,จ.สิงห์บุรี,150.6531122,Province_16
3781,3782,2023,9,2023,10,18,จ.ชัยนาท,136.8236389,Province_3
3782,3783,2023,9,2023,10,19,จ.สระบุรี,139.5098706,Province_15
3787,3788,2023,9,2023,10,24,จ.ฉะเชิงเทรา,208.6601762,Province_2
3789,3790,2023,9,2023,10,26,จ.นครนายก,206.258806,Province_4
3828,3829,2023,9,2023,10,70,จ.ราชบุรี,293.832066,Province_10
3830,3831,2023,9,2023,10,72,จ.สุพรรณบุรี,236.2996933,Province_17
3831,3832,2023,9,2023,10,73,จ.นครปฐม,343.5813248,Province_5
3832,3833,2023,9,2023,10,74,จ.สมุทรสาคร,392.5244261,Province_14
3833,3834,2023,9,2023,10,75,จ.สมุทรสงคราม,320.4849275,Province_13
3834,3835,2023,9,2023,10,76,จ.เพชรบุรี,302.2282036,Province_19
3850,3851,2023,9,2023,11,10,กรุงเทพมหานคร,42.1324217,Province_0
3851,3852,2023,9,2023,11,11,จ.สมุทรปราการ,58.77719189,Province_12
3852,3853,2023,9,2023,11,12,จ.นนทบุรี,34.90594741,Province_6
3853,3854,2023,9,2023,11,13,จ.ปทุมธานี,38.32341478,Province_7
3854,3855,2023,9,2023,11,14,จ.พระนครศรีอยุธยา,28.13745544,Province_9
3855,3856,2023,9,2023,11,15,จ.อ่างทอง,22.69693269,Province_18
3856,3857,2023,9,2023,11,16,จ.ลพบุรี,8.804398755,Province_11
3857,3858,2023,9,2023,11,17,จ.สิงห์บุรี,11.21920749,Province_16
3858,3859,2023,9,2023,11,18,จ.ชัยนาท,6.387396681,Province_3
3859,3860,2023,9,2023,11,19,จ.สระบุรี,10.18483311,Province_15
3864,3865,2023,9,2023,11,24,จ.ฉะเชิงเทรา,23.13199399,Province_2
3866,3867,2023,9,2023,11,26,จ.นครนายก,12.87692522,Province_4
3905,3906,2023,9,2023,11,70,จ.ราชบุรี,25.77643351,Province_10
3907,3908,2023,9,2023,11,72,จ.สุพรรณบุรี,24.85209353,Province_17
3908,3909,2023,9,2023,11,73,จ.นครปฐม,35.53930685,Province_5
3909,3910,2023,9,2023,11,74,จ.สมุทรสาคร,39.95199167,Province_14
3910,3911,2023,9,2023,11,75,จ.สมุทรสงคราม,26.15086952,Province_13
3911,3912,2023,9,2023,11,76,จ.เพชรบุรี,24.28122811,Province_19
3927,3928,2023,9,2023,12,10,กรุงเทพมหานคร,9.181886939,Province_0
3928,3929,2023,9,2023,12,11,จ.สมุทรปราการ,9.562096572,Province_12
3929,3930,2023,9,2023,12,12,จ.นนทบุรี,6.787504686,Province_6
3930,3931,2023,9,2023,12,13,จ.ปทุมธานี,3.935820194,Province_7
3931,3932,2023,9,2023,12,14,จ.พระนครศรีอยุธยา,5.981812207,Province_9
3932,3933,2023,9,2023,12,15,จ.อ่างทอง,7.329289282,Province_18
3933,3934,2023,9,2023,12,16,จ.ลพบุรี,0.938008077,Province_11
3934,3935,2023,9,2023,12,17,จ.สิงห์บุรี,2.878299715,Province_16
3935,3936,2023,9,2023,12,18,จ.ชัยนาท,1.315933491,Province_3
3936,3937,2023,9,2023,12,19,จ.สระบุรี,3.738375344,Province_15
3941,3942,2023,9,2023,12,24,จ.ฉะเชิงเทรา,10.41501275,Province_2
3943,3944,2023,9,2023,12,26,จ.นครนายก,3.164648439,Province_4
3982,3983,2023,9,2023,12,70,จ.ราชบุรี,2.718044784,Province_10
3984,3985,2023,9,2023,12,72,จ.สุพรรณบุรี,6.262733293,Province_17
3985,3986,2023,9,2023,12,73,จ.นครปฐม,3.848591387,Province_5
3986,3987,2023,9,2023,12,74,จ.สมุทรสาคร,8.502724745,Province_14
3987,3988,2023,9,2023,12,75,จ.สมุทรสงคราม,4.926144923,Province_13
3988,3989,2023,9,2023,12,76,จ.เพชรบุรี,8.017179835,Province_19
4004,4005,2023,9,2024,1,10,กรุงเทพมหานคร,1.291359817,Province_0
4005,4006,2023,9,2024,1,11,จ.สมุทรปราการ,6.111817032,Province_12
4006,4007,2023,9,2024,1,12,จ.นนทบุรี,0.120919325,Province_6
4007,4008,2023,9,2024,1,13,จ.ปทุมธานี,2.355449523,Province_7
4008,4009,2023,9,2024,1,14,จ.พระนครศรีอยุธยา,16.02084506,Province_9
4009,4010,2023,9,2024,1,15,จ.อ่างทอง,13.14105985,Province_18
4010,4011,2023,9,2024,1,16,จ.ลพบุรี,12.14219755,Province_11
4011,4012,2023,9,2024,1,17,จ.สิงห์บุรี,14.0022046,Province_16
4012,4013,2023,9,2024,1,18,จ.ชัยนาท,11.14867458,Province_3
4013,4014,2023,9,2024,1,19,จ.สระบุรี,18.27636919,Province_15
4018,4019,2023,9,2024,1,24,จ.ฉะเชิงเทรา,6.213241363,Province_2
4020,4021,2023,9,2024,1,26,จ.นครนายก,7.600452012,Province_4
4059,4060,2023,9,2024,1,70,จ.ราชบุรี,0.05956602,Province_10
4061,4062,2023,9,2024,1,72,จ.สุพรรณบุรี,3.095521729,Province_17
4062,4063,2023,9,2024,1,73,จ.นครปฐม,0.08294578,Province_5
4063,4064,2023,9,2024,1,74,จ.สมุทรสาคร,4.362060859,Province_14
4064,4065,2023,9,2024,1,75,จ.สมุทรสงคราม,1.918898552,Province_13
4065,4066,2023,9,2024,1,76,จ.เพชรบุรี,0.709410277,Province_19
4081,4082,2023,9,2024,2,10,กรุงเทพมหานคร,41.63298701,Province_0
4082,4083,2023,9,2024,2,11,จ.สมุทรปราการ,35.14158832,Province_12
4083,4084,2023,9,2024,2,12,จ.นนทบุรี,31.6387054,Province_6
4084,4085,2023,9,2024,2,13,จ.ปทุมธานี,20.91241323,Province_7
4085,4086,2023,9,2024,2,14,จ.พระนครศรีอยุธยา,9.116901408,Province_9
4086,4087,2023,9,2024,2,15,จ.อ่างทอง,2.132556109,Province_18
4087,4088,2023,9,2024,2,16,จ.ลพบุรี,7.493970998,Province_11
4088,4089,2023,9,2024,2,17,จ.สิงห์บุรี,0.624855907,Province_16
4089,4090,2023,9,2024,2,18,จ.ชัยนาท,0.109453682,Province_3
4090,4091,2023,9,2024,2,19,จ.สระบุรี,7.414686646,Province_15
4095,4096,2023,9,2024,2,24,จ.ฉะเชิงเทรา,26.48874567,Province_2
4097,4098,2023,9,2024,2,26,จ.นครนายก,8.617572542,Province_4
4136,4137,2023,9,2024,2,70,จ.ราชบุรี,1.811080332,Province_10
4138,4139,2023,9,2024,2,72,จ.สุพรรณบุรี,0.678213104,Province_17
4139,4140,2023,9,2024,2,73,จ.นครปฐม,14.24230298,Province_5
4140,4141,2023,9,2024,2,74,จ.สมุทรสาคร,32.32529733,Province_14
4141,4142,2023,9,2024,2,75,จ.สมุทรสงคราม,7.243768127,Province_13
4142,4143,2023,9,2024,2,76,จ.เพชรบุรี,0.117664461,Province_19
