,Year,Month,ProvinceID,ProvinceName,Tmax,Tmin
0,2018,1,10,กรุงเทพมหานคร,35.5,18
1,2018,1,11,สมุทรปราการ,36,18.4
2,2018,1,13,ปทุมธานี,35.6,18
3,2018,1,14,พระนครศรีอยุธยา,35.5,15.4
4,2018,1,16,ลพบุรี,36.2,14.7
5,2018,1,18,ชัยนาท,34.1,15.8
10,2018,1,24,ฉะเชิงเทรา,35.5,15
46,2018,1,70,ราชบุรี,35.1,16.3
47,2018,1,71,กาญจนบุรี,37,14
48,2018,1,72,สุพรรณบุรี,35.1,16.3
49,2018,1,73,นครปฐม,35,15.6
50,2018,1,76,เพชรบุรี,33.6,18.5
51,2018,1,77,ประจวบคีรีขันธ์,34.3,15.6
65,2018,2,10,กรุงเทพมหานคร,35.7,19.2
66,2018,2,11,สมุทรปราการ,33.8,18.8
67,2018,2,13,ปทุมธานี,37,18.5
68,2018,2,14,พระนครศรีอยุธยา,36.3,15.6
69,2018,2,16,ลพบุรี,37.2,15.2
70,2018,2,18,ชัยนาท,35,17.1
75,2018,2,24,ฉะเชิงเทรา,35.3,15.6
111,2018,2,70,ราชบุรี,36.3,17.7
112,2018,2,71,กาญจนบุรี,38,16.8
113,2018,2,72,สุพรรณบุรี,35.9,16.5
114,2018,2,73,นครปฐม,36,16.2
115,2018,2,76,เพชรบุรี,34.4,19.1
116,2018,2,77,ประจวบคีรีขันธ์,35.2,16.8
130,2018,3,10,กรุงเทพมหานคร,36,22.1
131,2018,3,11,สมุทรปราการ,33.2,24.6
132,2018,3,13,ปทุมธานี,38.3,21.5
133,2018,3,14,พระนครศรีอยุธยา,37,20
134,2018,3,16,ลพบุรี,38.5,18.5
135,2018,3,18,ชัยนาท,36.5,20.8
140,2018,3,24,ฉะเชิงเทรา,36,19.4
175,2018,3,70,ราชบุรี,37,20
176,2018,3,71,กาญจนบุรี,39.1,18.8
177,2018,3,72,สุพรรณบุรี,37.8,21.2
178,2018,3,73,นครปฐม,37,21
179,2018,3,76,เพชรบุรี,36.4,22.2
180,2018,3,77,ประจวบคีรีขันธ์,37.7,18.3
195,2018,4,10,กรุงเทพมหานคร,37.3,22.5
196,2018,4,11,สมุทรปราการ,33.3,24
197,2018,4,13,ปทุมธานี,39.5,21.5
198,2018,4,14,พระนครศรีอยุธยา,37.6,19.3
199,2018,4,16,ลพบุรี,38.7,19
200,2018,4,18,ชัยนาท,39,20.5
205,2018,4,24,ฉะเชิงเทรา,36.5,18.8
240,2018,4,70,ราชบุรี,38.5,21.4
241,2018,4,71,กาญจนบุรี,41.3,20
242,2018,4,72,สุพรรณบุรี,39.9,21.4
243,2018,4,73,นครปฐม,38.9,19.5
244,2018,4,76,เพชรบุรี,37.1,22.5
245,2018,4,77,ประจวบคีรีขันธ์,37.2,19.8
260,2018,5,10,กรุงเทพมหานคร,36.7,22.9
261,2018,5,11,สมุทรปราการ,33.4,25
262,2018,5,13,ปทุมธานี,37.7,24.2
263,2018,5,14,พระนครศรีอยุธยา,37.5,22.5
264,2018,5,16,ลพบุรี,37.4,23.2
265,2018,5,18,ชัยนาท,37.4,23.5
270,2018,5,24,ฉะเชิงเทรา,36.5,22.3
305,2018,5,70,ราชบุรี,36.6,24.2
306,2018,5,71,กาญจนบุรี,38.2,22.4
307,2018,5,72,สุพรรณบุรี,37.6,23.5
308,2018,5,73,นครปฐม,37,23.3
309,2018,5,76,เพชรบุรี,36.8,24.3
310,2018,5,77,ประจวบคีรีขันธ์,37,22.5
325,2018,6,10,กรุงเทพมหานคร,37.3,24.2
326,2018,6,11,สมุทรปราการ,33.1,25
327,2018,6,13,ปทุมธานี,38.2,24.4
328,2018,6,14,พระนครศรีอยุธยา,36.5,22
329,2018,6,16,ลพบุรี,36.4,24.3
330,2018,6,18,ชัยนาท,36,24
335,2018,6,24,ฉะเชิงเทรา,34.3,23.4
370,2018,6,70,ราชบุรี,35.1,23.8
371,2018,6,71,กาญจนบุรี,36.9,23.2
372,2018,6,72,สุพรรณบุรี,37.2,24
373,2018,6,73,นครปฐม,35.8,24.2
374,2018,6,76,เพชรบุรี,36.6,24.8
375,2018,6,77,ประจวบคีรีขันธ์,37,22.4
390,2018,7,10,กรุงเทพมหานคร,35.5,24.4
391,2018,7,11,สมุทรปราการ,32,26
392,2018,7,13,ปทุมธานี,36.3,24.5
393,2018,7,14,พระนครศรีอยุธยา,35,22.5
394,2018,7,16,ลพบุรี,36,22.8
395,2018,7,18,ชัยนาท,36,23.8
400,2018,7,24,ฉะเชิงเทรา,34.7,23
435,2018,7,70,ราชบุรี,35.4,24
436,2018,7,71,กาญจนบุรี,35.5,23.1
437,2018,7,72,สุพรรณบุรี,35.7,24
438,2018,7,73,นครปฐม,36.6,24
439,2018,7,76,เพชรบุรี,36.9,24.5
440,2018,7,77,ประจวบคีรีขันธ์,36.9,22.7
455,2018,8,10,กรุงเทพมหานคร,34.1,23.9
456,2018,8,11,สมุทรปราการ,31,26.3
457,2018,8,13,ปทุมธานี,36.8,24
458,2018,8,14,พระนครศรีอยุธยา,34.7,22
459,2018,8,16,ลพบุรี,35.1,23.2
460,2018,8,18,ชัยนาท,36,24
465,2018,8,24,ฉะเชิงเทรา,33.6,23.2
500,2018,8,70,ราชบุรี,35.2,23.9
501,2018,8,71,กาญจนบุรี,36.8,21.6
502,2018,8,72,สุพรรณบุรี,36.5,23.8
503,2018,8,73,นครปฐม,35.8,23.5
504,2018,8,76,เพชรบุรี,35.8,24.5
505,2018,8,77,ประจวบคีรีขันธ์,36.1,22.2
520,2018,9,10,กรุงเทพมหานคร,36,23
521,2018,9,11,สมุทรปราการ,32.7,23.1
522,2018,9,13,ปทุมธานี,38,23.6
523,2018,9,14,พระนครศรีอยุธยา,36.1,22.5
524,2018,9,16,ลพบุรี,36,23.2
525,2018,9,18,ชัยนาท,36.3,23.8
530,2018,9,24,ฉะเชิงเทรา,35,22.3
565,2018,9,70,ราชบุรี,36.6,23.4
566,2018,9,71,กาญจนบุรี,36.5,21.5
567,2018,9,72,สุพรรณบุรี,37.3,23.5
568,2018,9,73,นครปฐม,36,23
569,2018,9,76,เพชรบุรี,37.4,24.3
570,2018,9,77,ประจวบคีรีขันธ์,35.7,21.7
585,2018,10,10,กรุงเทพมหานคร,35.7,21.5
586,2018,10,11,สมุทรปราการ,33.5,21.9
587,2018,10,13,ปทุมธานี,37.7,22.5
588,2018,10,14,พระนครศรีอยุธยา,36,20.7
589,2018,10,16,ลพบุรี,36.2,20.5
590,2018,10,18,ชัยนาท,36.2,21
595,2018,10,24,ฉะเชิงเทรา,35,20.2
630,2018,10,70,ราชบุรี,35,24
631,2018,10,71,กาญจนบุรี,36.4,21
632,2018,10,72,สุพรรณบุรี,36.4,21.5
633,2018,10,73,นครปฐม,35.3,23.5
634,2018,10,76,เพชรบุรี,35.9,23.5
635,2018,10,77,ประจวบคีรีขันธ์,35.7,22.3
650,2018,11,10,กรุงเทพมหานคร,36,20.7
651,2018,11,11,สมุทรปราการ,32.6,23.4
652,2018,11,13,ปทุมธานี,37.3,20.9
653,2018,11,14,พระนครศรีอยุธยา,36,18
654,2018,11,16,ลพบุรี,36.3,16.4
655,2018,11,18,ชัยนาท,34.8,19.8
660,2018,11,24,ฉะเชิงเทรา,35.5,18
695,2018,11,70,ราชบุรี,36.5,21
696,2018,11,71,กาญจนบุรี,36.7,16.5
697,2018,11,72,สุพรรณบุรี,36.1,17.3
698,2018,11,73,นครปฐม,34.5,17.1
699,2018,11,76,เพชรบุรี,34.8,21.9
700,2018,11,77,ประจวบคีรีขันธ์,35.1,14.2
715,2018,12,10,กรุงเทพมหานคร,36.8,22.2
716,2018,12,11,สมุทรปราการ,34,23.5
717,2018,12,13,ปทุมธานี,37.2,22
718,2018,12,14,พระนครศรีอยุธยา,36.8,17.9
719,2018,12,16,ลพบุรี,36.7,17
720,2018,12,18,ชัยนาท,35.4,19.4
725,2018,12,24,ฉะเชิงเทรา,35.5,18.7
760,2018,12,70,ราชบุรี,35.1,21.4
761,2018,12,71,กาญจนบุรี,36.2,17.2
762,2018,12,72,สุพรรณบุรี,35.9,19.5
763,2018,12,73,นครปฐม,34.6,18.5
764,2018,12,76,เพชรบุรี,34.5,21.4
765,2018,12,77,ประจวบคีรีขันธ์,34.7,19.6
780,2019,1,10,กรุงเทพมหานคร,37.3,18.7
781,2019,1,11,สมุทรปราการ,32.2,23.9
782,2019,1,13,ปทุมธานี,36.5,20
783,2019,1,14,พระนครศรีอยุธยา,36.5,18.5
784,2019,1,16,ลพบุรี,35.8,16.2
785,2019,1,18,ชัยนาท,35.2,18
790,2019,1,24,ฉะเชิงเทรา,35.9,15.9
825,2019,1,70,ราชบุรี,34.8,18.7
826,2019,1,71,กาญจนบุรี,35.7,16
827,2019,1,72,สุพรรณบุรี,35.1,16.4
828,2019,1,73,นครปฐม,33.5,15.7
829,2019,1,76,เพชรบุรี,33.5,20
830,2019,1,77,ประจวบคีรีขันธ์,33.5,16.5
845,2019,2,10,กรุงเทพมหานคร,36.6,24.3
846,2019,2,11,สมุทรปราการ,32.2,26.1
847,2019,2,13,ปทุมธานี,38,23.5
848,2019,2,14,พระนครศรีอยุธยา,37.5,20.7
849,2019,2,16,ลพบุรี,38.8,19.5
850,2019,2,18,ชัยนาท,36,21.3
855,2019,2,24,ฉะเชิงเทรา,37,20.6
890,2019,2,70,ราชบุรี,36.1,22.4
891,2019,2,71,กาญจนบุรี,39,19.3
892,2019,2,72,สุพรรณบุรี,37.8,20.4
893,2019,2,73,นครปฐม,37,20.5
894,2019,2,76,เพชรบุรี,36.1,23.7
895,2019,2,77,ประจวบคีรีขันธ์,36.1,20.4
910,2019,3,10,กรุงเทพมหานคร,38.8,24.9
911,2019,3,11,สมุทรปราการ,33.3,24
912,2019,3,13,ปทุมธานี,40.3,23.8
913,2019,3,14,พระนครศรีอยุธยา,38.4,23
914,2019,3,16,ลพบุรี,40.6,19.1
915,2019,3,18,ชัยนาท,40,21.8
920,2019,3,24,ฉะเชิงเทรา,39.1,20.7
955,2019,3,70,ราชบุรี,39.4,19.2
956,2019,3,71,กาญจนบุรี,41.4,16.8
957,2019,3,72,สุพรรณบุรี,40.4,19.5
958,2019,3,73,นครปฐม,39.3,17.5
959,2019,3,76,เพชรบุรี,36,21.8
960,2019,3,77,ประจวบคีรีขันธ์,38.6,17.5
975,2019,4,10,กรุงเทพมหานคร,39.7,24.7
976,2019,4,11,สมุทรปราการ,33.8,25.5
977,2019,4,13,ปทุมธานี,41.2,24.3
978,2019,4,14,พระนครศรีอยุธยา,39.5,22.2
979,2019,4,16,ลพบุรี,42.1,22.9
980,2019,4,18,ชัยนาท,41,21.1
985,2019,4,24,ฉะเชิงเทรา,39.5,21.7
1020,2019,4,70,ราชบุรี,39.7,23.7
1021,2019,4,71,กาญจนบุรี,42.1,22.1
1022,2019,4,72,สุพรรณบุรี,41.7,24
1023,2019,4,73,นครปฐม,40.5,23.2
1024,2019,4,76,เพชรบุรี,38.4,24.8
1025,2019,4,77,ประจวบคีรีขันธ์,39.9,22.6
1040,2019,5,10,กรุงเทพมหานคร,40,23.2
1041,2019,5,11,สมุทรปราการ,34.8,25.5
1042,2019,5,13,ปทุมธานี,40,24.3
1043,2019,5,14,พระนครศรีอยุธยา,38.3,24
1044,2019,5,16,ลพบุรี,41.2,23.9
1045,2019,5,18,ชัยนาท,39.3,23.4
1050,2019,5,24,ฉะเชิงเทรา,38.5,23.7
1085,2019,5,70,ราชบุรี,40.4,24
1086,2019,5,71,กาญจนบุรี,41,21.7
1087,2019,5,72,สุพรรณบุรี,41.7,23.5
1088,2019,5,73,นครปฐม,40.1,23.6
1089,2019,5,76,เพชรบุรี,38.4,24.1
1090,2019,5,77,ประจวบคีรีขันธ์,38.9,22.7
1105,2019,6,10,กรุงเทพมหานคร,38.3,24.5
1106,2019,6,11,สมุทรปราการ,34.4,24.6
1107,2019,6,13,ปทุมธานี,38.5,25
1108,2019,6,14,พระนครศรีอยุธยา,38.2,24.2
1109,2019,6,16,ลพบุรี,40.5,24.1
1110,2019,6,18,ชัยนาท,37.8,24.5
1115,2019,6,24,ฉะเชิงเทรา,37,23.5
1150,2019,6,70,ราชบุรี,37.4,24.7
1151,2019,6,71,กาญจนบุรี,38,22.1
1152,2019,6,72,สุพรรณบุรี,38.8,24.6
1153,2019,6,73,นครปฐม,37.3,24
1154,2019,6,76,เพชรบุรี,37.2,24.9
1155,2019,6,77,ประจวบคีรีขันธ์,37.3,22.5
1170,2019,7,10,กรุงเทพมหานคร,36.7,23.8
1171,2019,7,11,สมุทรปราการ,33.1,23.9
1172,2019,7,13,ปทุมธานี,38.1,24.3
1173,2019,7,14,พระนครศรีอยุธยา,36.7,23.3
1174,2019,7,16,ลพบุรี,38.4,23.1
1175,2019,7,18,ชัยนาท,37.8,24
1180,2019,7,24,ฉะเชิงเทรา,36.2,22.1
1215,2019,7,70,ราชบุรี,36.8,23.7
1216,2019,7,71,กาญจนบุรี,37.7,21.1
1217,2019,7,72,สุพรรณบุรี,37.9,23.5
1218,2019,7,73,นครปฐม,37.7,23.5
1219,2019,7,76,เพชรบุรี,36.8,24.4
1220,2019,7,77,ประจวบคีรีขันธ์,37.9,21.8
1235,2019,8,10,กรุงเทพมหานคร,37.1,23.2
1236,2019,8,11,สมุทรปราการ,32.2,25.5
1237,2019,8,13,ปทุมธานี,37.5,25
1238,2019,8,14,พระนครศรีอยุธยา,36,23.1
1239,2019,8,16,ลพบุรี,35.8,22.7
1240,2019,8,18,ชัยนาท,35.6,23.8
1245,2019,8,24,ฉะเชิงเทรา,35.5,23
1280,2019,8,70,ราชบุรี,34.9,24.4
1281,2019,8,71,กาญจนบุรี,37.5,23
1282,2019,8,72,สุพรรณบุรี,37,23.9
1283,2019,8,73,นครปฐม,35.6,23.2
1284,2019,8,76,เพชรบุรี,35.2,24.3
1285,2019,8,77,ประจวบคีรีขันธ์,38,22.5
1300,2019,9,10,กรุงเทพมหานคร,36.7,22.3
1301,2019,9,11,สมุทรปราการ,33.4,23.9
1302,2019,9,13,ปทุมธานี,37.5,24
1303,2019,9,14,พระนครศรีอยุธยา,35.6,22.7
1304,2019,9,16,ลพบุรี,36.4,22.1
1305,2019,9,18,ชัยนาท,35.8,23
1310,2019,9,24,ฉะเชิงเทรา,35.6,23.1
1345,2019,9,70,ราชบุรี,35.5,23.5
1346,2019,9,71,กาญจนบุรี,36.5,21.7
1347,2019,9,72,สุพรรณบุรี,37,23.7
1348,2019,9,73,นครปฐม,35.6,23.5
1349,2019,9,76,เพชรบุรี,36.4,23.8
1350,2019,9,77,ประจวบคีรีขันธ์,37.1,22.1
1365,2019,10,10,กรุงเทพมหานคร,37.6,22.8
1366,2019,10,11,สมุทรปราการ,33.7,22.5
1367,2019,10,13,ปทุมธานี,38.5,22.7
1368,2019,10,14,พระนครศรีอยุธยา,37.1,20.3
1369,2019,10,16,ลพบุรี,37.4,18
1370,2019,10,18,ชัยนาท,36.3,20
1375,2019,10,24,ฉะเชิงเทรา,36.8,20.2
1410,2019,10,70,ราชบุรี,35.3,23.1
1411,2019,10,71,กาญจนบุรี,36.6,21.4
1412,2019,10,72,สุพรรณบุรี,36.6,20.9
1413,2019,10,73,นครปฐม,36.2,21.6
1414,2019,10,76,เพชรบุรี,36.8,23.5
1415,2019,10,77,ประจวบคีรีขันธ์,35,21.8
1430,2019,11,10,กรุงเทพมหานคร,37,22
1431,2019,11,11,สมุทรปราการ,32.2,22.5
1432,2019,11,13,ปทุมธานี,37.1,21
1433,2019,11,14,พระนครศรีอยุธยา,36,18.3
1434,2019,11,16,ลพบุรี,36.7,16
1435,2019,11,18,ชัยนาท,35.5,20
1440,2019,11,24,ฉะเชิงเทรา,36,18
1475,2019,11,70,ราชบุรี,34.5,20.3
1476,2019,11,71,กาญจนบุรี,35.5,17.3
1477,2019,11,72,สุพรรณบุรี,35.8,18.1
1478,2019,11,73,นครปฐม,35,17.6
1479,2019,11,76,เพชรบุรี,35,21.9
1480,2019,11,77,ประจวบคีรีขันธ์,34.5,19.1
1495,2019,12,10,กรุงเทพมหานคร,35.5,16.6
1496,2019,12,11,สมุทรปราการ,32.2,19.6
1497,2019,12,13,ปทุมธานี,36.5,15.9
1498,2019,12,14,พระนครศรีอยุธยา,36.6,15.6
1499,2019,12,16,ลพบุรี,36.5,11.5
1500,2019,12,18,ชัยนาท,35.2,13.8
1505,2019,12,24,ฉะเชิงเทรา,36.2,14.4
1540,2019,12,70,ราชบุรี,35.2,16.6
1541,2019,12,71,กาญจนบุรี,36,11.2
1542,2019,12,72,สุพรรณบุรี,35.6,15.1
1543,2019,12,73,นครปฐม,35,14.2
1544,2019,12,76,เพชรบุรี,33.8,17.5
1545,2019,12,77,ประจวบคีรีขันธ์,35.5,14.4
1560,2020,1,10,กรุงเทพมหานคร,37,22.7
1561,2020,1,11,สมุทรปราการ,32.9,25
1562,2020,1,13,ปทุมธานี,37,21.4
1563,2020,1,14,พระนครศรีอยุธยา,37.3,19.2
1564,2020,1,16,ลพบุรี,37.6,17.5
1565,2020,1,18,ชัยนาท,36.3,18.3
1570,2020,1,24,ฉะเชิงเทรา,37.5,18
1605,2020,1,70,ราชบุรี,35.9,18.2
1606,2020,1,71,กาญจนบุรี,37.5,14.4
1607,2020,1,72,สุพรรณบุรี,36.7,16.1
1608,2020,1,73,นครปฐม,36.3,15.5
1609,2020,1,76,เพชรบุรี,35.2,20.6
1610,2020,1,77,ประจวบคีรีขันธ์,36.8,16.9
1625,2020,2,10,กรุงเทพมหานคร,38.1,22.2
1626,2020,2,11,สมุทรปราการ,32.2,25.6
1627,2020,2,13,ปทุมธานี,38.7,20.8
1628,2020,2,14,พระนครศรีอยุธยา,38.6,17.6
1629,2020,2,16,ลพบุรี,39,17.5
1630,2020,2,18,ชัยนาท,37,18.3
1635,2020,2,24,ฉะเชิงเทรา,38.2,18.6
1670,2020,2,70,ราชบุรี,36.6,18.2
1671,2020,2,71,กาญจนบุรี,38,17.8
1672,2020,2,72,สุพรรณบุรี,38.1,19
1673,2020,2,73,นครปฐม,36.2,17.2
1674,2020,2,76,เพชรบุรี,35.2,19.8
1675,2020,2,77,ประจวบคีรีขันธ์,36.7,16.2
1690,2020,3,10,กรุงเทพมหานคร,40.6,23.7
1691,2020,3,11,สมุทรปราการ,33.2,26.1
1692,2020,3,13,ปทุมธานี,40.1,23
1693,2020,3,14,พระนครศรีอยุธยา,41.1,21.4
1694,2020,3,16,ลพบุรี,41.8,21.5
1695,2020,3,18,ชัยนาท,41.2,22.6
1700,2020,3,24,ฉะเชิงเทรา,39.5,22.2
1735,2020,3,70,ราชบุรี,39.1,21.1
1736,2020,3,71,กาญจนบุรี,41.3,19.2
1737,2020,3,72,สุพรรณบุรี,40.9,21.8
1738,2020,3,73,นครปฐม,39.7,21.3
1739,2020,3,76,เพชรบุรี,36.9,24.2
1740,2020,3,77,ประจวบคีรีขันธ์,39,20.5
1755,2020,4,10,กรุงเทพมหานคร,38.2,24.9
1756,2020,4,11,สมุทรปราการ,34,22.5
1757,2020,4,13,ปทุมธานี,40,24.7
1758,2020,4,14,พระนครศรีอยุธยา,41.2,24
1759,2020,4,16,ลพบุรี,42.1,23.2
1760,2020,4,18,ชัยนาท,42,23.6
1765,2020,4,24,ฉะเชิงเทรา,39.4,23
1800,2020,4,70,ราชบุรี,38.5,23.7
1801,2020,4,71,กาญจนบุรี,42.5,21.3
1802,2020,4,72,สุพรรณบุรี,40.6,24
1803,2020,4,73,นครปฐม,39.2,23.7
1804,2020,4,76,เพชรบุรี,36.9,24.4
1805,2020,4,77,ประจวบคีรีขันธ์,38.4,22.8
1820,2020,5,10,กรุงเทพมหานคร,39,24
1821,2020,5,11,สมุทรปราการ,33.6,24.5
1822,2020,5,13,ปทุมธานี,40.4,24.4
1823,2020,5,14,พระนครศรีอยุธยา,40.7,23.7
1824,2020,5,16,ลพบุรี,42.5,23.4
1825,2020,5,18,ชัยนาท,40.5,25
1830,2020,5,24,ฉะเชิงเทรา,40.5,22.7
1865,2020,5,70,ราชบุรี,39.4,24.5
1866,2020,5,71,กาญจนบุรี,40.8,22.4
1867,2020,5,72,สุพรรณบุรี,40.7,24.6
1868,2020,5,73,นครปฐม,39.6,23.5
1869,2020,5,76,เพชรบุรี,37.8,26.2
1870,2020,5,77,ประจวบคีรีขันธ์,38.7,23.6
1885,2020,6,10,กรุงเทพมหานคร,38.4,24
1886,2020,6,11,สมุทรปราการ,33.8,25.6
1887,2020,6,13,ปทุมธานี,38,23.9
1888,2020,6,14,พระนครศรีอยุธยา,38.9,22.8
1889,2020,6,16,ลพบุรี,40.3,23
1890,2020,6,18,ชัยนาท,39.1,22
1895,2020,6,24,ฉะเชิงเทรา,37.2,23.3
1930,2020,6,70,ราชบุรี,36.5,24.1
1931,2020,6,71,กาญจนบุรี,38.5,22
1932,2020,6,72,สุพรรณบุรี,39.5,23.6
1933,2020,6,73,นครปฐม,38,23.1
1934,2020,6,76,เพชรบุรี,37.4,25.5
1935,2020,6,77,ประจวบคีรีขันธ์,36.1,22.5
1950,2020,7,10,กรุงเทพมหานคร,37.5,24
1951,2020,7,11,สมุทรปราการ,32.8,24.5
1952,2020,7,13,ปทุมธานี,37.5,24
1953,2020,7,14,พระนครศรีอยุธยา,36.6,23.3
1954,2020,7,16,ลพบุรี,39.1,23.4
1955,2020,7,18,ชัยนาท,38.8,24
1960,2020,7,24,ฉะเชิงเทรา,36.7,23.6
1995,2020,7,70,ราชบุรี,36.6,23.8
1996,2020,7,71,กาญจนบุรี,38.5,23.2
1997,2020,7,72,สุพรรณบุรี,38.8,23
1998,2020,7,73,นครปฐม,38.1,23.5
1999,2020,7,76,เพชรบุรี,37.1,24.6
2000,2020,7,77,ประจวบคีรีขันธ์,36.7,22.7
2015,2020,8,10,กรุงเทพมหานคร,38.3,22.6
2016,2020,8,11,สมุทรปราการ,32.7,24.5
2017,2020,8,13,ปทุมธานี,37.7,23.5
2018,2020,8,14,พระนครศรีอยุธยา,36.6,22
2019,2020,8,16,ลพบุรี,37.9,23
2020,2020,8,18,ชัยนาท,37.4,24.2
2025,2020,8,24,ฉะเชิงเทรา,36,22.4
2060,2020,8,70,ราชบุรี,37.3,23.8
2061,2020,8,71,กาญจนบุรี,37.7,21.9
2062,2020,8,72,สุพรรณบุรี,38.7,23.4
2063,2020,8,73,นครปฐม,37,23.3
2064,2020,8,76,เพชรบุรี,37.3,24.3
2065,2020,8,77,ประจวบคีรีขันธ์,37.4,21.8
2080,2020,9,10,กรุงเทพมหานคร,37.2,23.9
2081,2020,9,11,สมุทรปราการ,32.8,23.2
2082,2020,9,13,ปทุมธานี,36.8,24.2
2083,2020,9,14,พระนครศรีอยุธยา,35.4,22
2084,2020,9,16,ลพบุรี,36.6,23
2085,2020,9,18,ชัยนาท,36,24
2090,2020,9,24,ฉะเชิงเทรา,34.8,23.3
2125,2020,9,70,ราชบุรี,36,23.7
2126,2020,9,71,กาญจนบุรี,36.7,22.5
2127,2020,9,72,สุพรรณบุรี,37.9,23.5
2128,2020,9,73,นครปฐม,37.2,23.5
2129,2020,9,76,เพชรบุรี,37,23.6
2130,2020,9,77,ประจวบคีรีขันธ์,37.2,21.6
2145,2020,10,10,กรุงเทพมหานคร,35.2,21.9
2146,2020,10,11,สมุทรปราการ,32,23.1
2147,2020,10,13,ปทุมธานี,35.5,22.2
2148,2020,10,14,พระนครศรีอยุธยา,34.3,21.5
2149,2020,10,16,ลพบุรี,35.3,21.3
2150,2020,10,18,ชัยนาท,34.6,22.5
2155,2020,10,24,ฉะเชิงเทรา,34.6,21.5
2190,2020,10,70,ราชบุรี,33.8,22.5
2191,2020,10,71,กาญจนบุรี,35.4,20.5
2192,2020,10,72,สุพรรณบุรี,35.5,22
2193,2020,10,73,นครปฐม,35.6,22
2194,2020,10,76,เพชรบุรี,34.6,22.5
2195,2020,10,77,ประจวบคีรีขันธ์,34.7,22.2
2210,2020,11,10,กรุงเทพมหานคร,36.8,21.2
2211,2020,11,11,สมุทรปราการ,33.8,22
2212,2020,11,13,ปทุมธานี,37.5,20
2213,2020,11,14,พระนครศรีอยุธยา,36.3,19
2214,2020,11,16,ลพบุรี,36.3,17.3
2215,2020,11,18,ชัยนาท,36.2,19.5
2220,2020,11,24,ฉะเชิงเทรา,36.5,18.1
2255,2020,11,70,ราชบุรี,35,19.6
2256,2020,11,71,กาญจนบุรี,35.6,18.3
2257,2020,11,72,สุพรรณบุรี,35.5,18.6
2258,2020,11,73,นครปฐม,34.6,17.4
2259,2020,11,76,เพชรบุรี,34.4,20.8
2260,2020,11,77,ประจวบคีรีขันธ์,34.5,18.5
2275,2020,12,10,กรุงเทพมหานคร,35.5,18.1
2276,2020,12,11,สมุทรปราการ,32.8,19.5
2277,2020,12,13,ปทุมธานี,36,18.4
2278,2020,12,14,พระนครศรีอยุธยา,36.2,17
2279,2020,12,16,ลพบุรี,35.9,14.5
2280,2020,12,18,ชัยนาท,34.6,16
2285,2020,12,24,ฉะเชิงเทรา,35.8,15.2
2320,2020,12,70,ราชบุรี,34.5,17.9
2321,2020,12,71,กาญจนบุรี,35.3,14.4
2322,2020,12,72,สุพรรณบุรี,35,16.2
2323,2020,12,73,นครปฐม,34,14
2324,2020,12,76,เพชรบุรี,33.2,18.3
2325,2020,12,77,ประจวบคีรีขันธ์,33.7,16.7
2340,2021,1,10,กรุงเทพมหานคร,35.3,16.1
2341,2021,1,11,สมุทรปราการ,30.7,18.5
2342,2021,1,13,ปทุมธานี,36,15.5
2343,2021,1,14,พระนครศรีอยุธยา,36.7,12.8
2344,2021,1,16,ลพบุรี,35.9,10.9
2345,2021,1,18,ชัยนาท,35.2,12.7
2350,2021,1,24,ฉะเชิงเทรา,35.7,12.7
2385,2021,1,70,ราชบุรี,34.5,14.1
2386,2021,1,71,กาญจนบุรี,35.8,12.8
2387,2021,1,72,สุพรรณบุรี,35.1,12.5
2388,2021,1,73,นครปฐม,33.7,11.7
2389,2021,1,76,เพชรบุรี,31.2,15
2390,2021,1,77,ประจวบคีรีขันธ์,34,13.5
2405,2021,2,10,กรุงเทพมหานคร,37.6,19.9
2406,2021,2,11,สมุทรปราการ,31.2,22.5
2407,2021,2,13,ปทุมธานี,39,20.5
2408,2021,2,14,พระนครศรีอยุธยา,38.6,17.5
2409,2021,2,16,ลพบุรี,40,16.5
2410,2021,2,18,ชัยนาท,38.7,18
2415,2021,2,24,ฉะเชิงเทรา,38.2,16.7
2450,2021,2,70,ราชบุรี,38.2,17.2
2451,2021,2,71,กาญจนบุรี,39.3,15.7
2452,2021,2,72,สุพรรณบุรี,37.3,17.4
2453,2021,2,73,นครปฐม,38,13.8
2454,2021,2,76,เพชรบุรี,32.3,19.9
2455,2021,2,77,ประจวบคีรีขันธ์,37.4,17.8
2470,2021,3,10,กรุงเทพมหานคร,37.5,21.3
2471,2021,3,11,สมุทรปราการ,32.9,22.2
2472,2021,3,13,ปทุมธานี,39.5,23
2473,2021,3,14,พระนครศรีอยุธยา,39.7,21.3
2474,2021,3,16,ลพบุรี,40.4,20.2
2475,2021,3,18,ชัยนาท,39,22.5
2480,2021,3,24,ฉะเชิงเทรา,38.2,21.3
2515,2021,3,70,ราชบุรี,38,21.6
2516,2021,3,71,กาญจนบุรี,40.5,18.7
2517,2021,3,72,สุพรรณบุรี,39.6,21.5
2518,2021,3,73,นครปฐม,38.1,25.5
2519,2021,3,76,เพชรบุรี,33.6,22.5
2520,2021,3,77,ประจวบคีรีขันธ์,37.6,18.8
2535,2021,4,10,กรุงเทพมหานคร,37.3,24.1
2536,2021,4,11,สมุทรปราการ,33.4,23.6
2537,2021,4,13,ปทุมธานี,39,24.5
2538,2021,4,14,พระนครศรีอยุธยา,39.5,22.7
2539,2021,4,16,ลพบุรี,41.7,23
2540,2021,4,18,ชัยนาท,38.6,23.2
2545,2021,4,24,ฉะเชิงเทรา,39.2,22
2580,2021,4,70,ราชบุรี,37.3,23.4
2581,2021,4,71,กาญจนบุรี,38.8,21.5
2582,2021,4,72,สุพรรณบุรี,38.7,23
2583,2021,4,73,นครปฐม,37.5,23.3
2584,2021,4,76,เพชรบุรี,35.2,22.5
2585,2021,4,77,ประจวบคีรีขันธ์,38,22.2
2600,2021,5,10,กรุงเทพมหานคร,37.8,22.2
2601,2021,5,11,สมุทรปราการ,33.4,23.5
2602,2021,5,13,ปทุมธานี,38.8,22.6
2603,2021,5,14,พระนครศรีอยุธยา,38.4,21
2604,2021,5,16,ลพบุรี,39.3,23
2605,2021,5,18,ชัยนาท,39,22.7
2610,2021,5,24,ฉะเชิงเทรา,37.9,22.3
2645,2021,5,70,ราชบุรี,37.9,23
2646,2021,5,71,กาญจนบุรี,38.5,20.5
2647,2021,5,72,สุพรรณบุรี,38.9,21.3
2648,2021,5,73,นครปฐม,38.5,22.9
2649,2021,5,76,เพชรบุรี,37.3,21.9
2650,2021,5,77,ประจวบคีรีขันธ์,37.4,22.8
2665,2021,6,10,กรุงเทพมหานคร,38.3,24
2666,2021,6,11,สมุทรปราการ,33.8,22.8
2667,2021,6,13,ปทุมธานี,39,25.2
2668,2021,6,14,พระนครศรีอยุธยา,38.4,24
2669,2021,6,16,ลพบุรี,39.7,24
2670,2021,6,18,ชัยนาท,39.7,23.8
2675,2021,6,24,ฉะเชิงเทรา,38.1,23.7
2710,2021,6,70,ราชบุรี,37.4,23.7
2711,2021,6,71,กาญจนบุรี,38.2,21.5
2712,2021,6,72,สุพรรณบุรี,38.9,22.5
2713,2021,6,73,นครปฐม,38.1,23.5
2714,2021,6,76,เพชรบุรี,37.9,21.9
2715,2021,6,77,ประจวบคีรีขันธ์,37.6,22.6
2730,2021,7,10,กรุงเทพมหานคร,38.4,24.4
2731,2021,7,11,สมุทรปราการ,33.4,23.5
2732,2021,7,13,ปทุมธานี,39,24.8
2733,2021,7,14,พระนครศรีอยุธยา,37.6,23.5
2734,2021,7,16,ลพบุรี,40.4,23.8
2735,2021,7,18,ชัยนาท,38,24
2740,2021,7,24,ฉะเชิงเทรา,38,23.1
2775,2021,7,70,ราชบุรี,37.1,23.9
2776,2021,7,71,กาญจนบุรี,39.5,22.5
2777,2021,7,72,สุพรรณบุรี,38.5,21.6
2778,2021,7,73,นครปฐม,38.7,23.5
2779,2021,7,76,เพชรบุรี,37.4,22.9
2780,2021,7,77,ประจวบคีรีขันธ์,38,22.5
2795,2021,8,10,กรุงเทพมหานคร,36.4,23.4
2796,2021,8,11,สมุทรปราการ,33,21.5
2797,2021,8,13,ปทุมธานี,37,23.6
2798,2021,8,14,พระนครศรีอยุธยา,37.6,23
2799,2021,8,16,ลพบุรี,37.7,23
2800,2021,8,18,ชัยนาท,37.7,23.7
2805,2021,8,24,ฉะเชิงเทรา,36.5,22.7
2840,2021,8,70,ราชบุรี,36,24
2841,2021,8,71,กาญจนบุรี,37.5,22.5
2842,2021,8,72,สุพรรณบุรี,38.4,21.1
2843,2021,8,73,นครปฐม,36.6,22.9
2844,2021,8,76,เพชรบุรี,34.9,24.2
2845,2021,8,77,ประจวบคีรีขันธ์,36.5,22.5
2860,2021,9,10,กรุงเทพมหานคร,36.8,23.1
2861,2021,9,11,สมุทรปราการ,32.2,24
2862,2021,9,13,ปทุมธานี,36.5,24
2863,2021,9,14,พระนครศรีอยุธยา,35,23.4
2864,2021,9,16,ลพบุรี,35.3,23.5
2865,2021,9,18,ชัยนาท,35.5,23.7
2870,2021,9,24,ฉะเชิงเทรา,35.8,23
2905,2021,9,70,ราชบุรี,34.5,23.7
2906,2021,9,71,กาญจนบุรี,36.3,21.5
2907,2021,9,72,สุพรรณบุรี,35.3,23.2
2908,2021,9,73,นครปฐม,34.8,23.5
2909,2021,9,76,เพชรบุรี,34,23.2
2910,2021,9,77,ประจวบคีรีขันธ์,35.3,22.4
2925,2021,10,10,กรุงเทพมหานคร,35.8,21.5
2926,2021,10,11,สมุทรปราการ,33.4,23
2927,2021,10,13,ปทุมธานี,35.3,23
2928,2021,10,14,พระนครศรีอยุธยา,35.5,22
2929,2021,10,16,ลพบุรี,35.6,22.2
2930,2021,10,18,ชัยนาท,35,23.5
2935,2021,10,24,ฉะเชิงเทรา,34.8,21.5
2970,2021,10,70,ราชบุรี,35.1,22.6
2971,2021,10,71,กาญจนบุรี,36.9,20.5
2972,2021,10,72,สุพรรณบุรี,35.8,22.1
2973,2021,10,73,นครปฐม,35.8,22.3
2974,2021,10,76,เพชรบุรี,35.3,22.4
2975,2021,10,77,ประจวบคีรีขันธ์,34.8,22.2
2990,2021,11,10,กรุงเทพมหานคร,38.6,22
2991,2021,11,11,สมุทรปราการ,33.1,24
2992,2021,11,13,ปทุมธานี,36.1,21.5
2993,2021,11,14,พระนครศรีอยุธยา,35.4,21
2994,2021,11,16,ลพบุรี,35.6,19.4
2995,2021,11,18,ชัยนาท,34.5,20.6
3000,2021,11,24,ฉะเชิงเทรา,35.5,18.9
3035,2021,11,70,ราชบุรี,33.9,21.7
3036,2021,11,71,กาญจนบุรี,35.8,18.8
3037,2021,11,72,สุพรรณบุรี,35.4,20.2
3038,2021,11,73,นครปฐม,34.2,20.8
3039,2021,11,76,เพชรบุรี,33.6,22.3
3040,2021,11,77,ประจวบคีรีขันธ์,34,19.9
3055,2021,12,10,กรุงเทพมหานคร,35.6,18.4
3056,2021,12,11,สมุทรปราการ,30.3,22
3057,2021,12,13,ปทุมธานี,35.5,18.5
3058,2021,12,14,พระนครศรีอยุธยา,34.6,16
3059,2021,12,16,ลพบุรี,34,14.1
3060,2021,12,18,ชัยนาท,33.3,15.5
3065,2021,12,24,ฉะเชิงเทรา,35.2,15.3
3100,2021,12,70,ราชบุรี,33.2,16.9
3101,2021,12,71,กาญจนบุรี,34,13
3102,2021,12,72,สุพรรณบุรี,33.2,12.9
3103,2021,12,73,นครปฐม,31.8,15.2
3104,2021,12,76,เพชรบุรี,32.6,18.3
3105,2021,12,77,ประจวบคีรีขันธ์,33.5,15.1
3120,2022,1,10,กรุงเทพมหานคร,36.4,21.2
3121,2022,1,11,สมุทรปราการ,31.8,24
3122,2022,1,13,ปทุมธานี,36.5,20.5
3123,2022,1,14,พระนครศรีอยุธยา,36.3,17
3124,2022,1,16,ลพบุรี,35.6,16
3125,2022,1,18,ชัยนาท,35,19.4
3130,2022,1,24,ฉะเชิงเทรา,35.8,16.9
3165,2022,1,70,ราชบุรี,35.8,17.9
3166,2022,1,71,กาญจนบุรี,37.5,17
3167,2022,1,72,สุพรรณบุรี,36.6,16.3
3168,2022,1,73,นครปฐม,35.6,16.5
3169,2022,1,76,เพชรบุรี,32.2,20.3
3170,2022,1,77,ประจวบคีรีขันธ์,35,17.8
3185,2022,2,10,กรุงเทพมหานคร,36.3,20.8
3186,2022,2,11,สมุทรปราการ,31.6,23.3
3187,2022,2,13,ปทุมธานี,35.9,20.6
3188,2022,2,14,พระนครศรีอยุธยา,36.2,19.7
3189,2022,2,16,ลพบุรี,36.6,17.6
3190,2022,2,18,ชัยนาท,35.6,17.5
3195,2022,2,24,ฉะเชิงเทรา,36.1,18.7
3230,2022,2,70,ราชบุรี,35,20.6
3231,2022,2,71,กาญจนบุรี,37.4,16
3232,2022,2,72,สุพรรณบุรี,36.3,17.6
3233,2022,2,73,นครปฐม,35.6,18.2
3234,2022,2,76,เพชรบุรี,32.5,21.8
3235,2022,2,77,ประจวบคีรีขันธ์,35,19.4
3250,2022,3,10,กรุงเทพมหานคร,37.4,22.3
3251,2022,3,11,สมุทรปราการ,32.7,23
3252,2022,3,13,ปทุมธานี,38.3,24
3253,2022,3,14,พระนครศรีอยุธยา,37.8,21.8
3254,2022,3,16,ลพบุรี,39.1,21
3255,2022,3,18,ชัยนาท,38,22
3260,2022,3,24,ฉะเชิงเทรา,37.5,21
3295,2022,3,70,ราชบุรี,37,22.8
3296,2022,3,71,กาญจนบุรี,38.8,21.3
3297,2022,3,72,สุพรรณบุรี,38.5,18
3298,2022,3,73,นครปฐม,37.2,23
3299,2022,3,76,เพชรบุรี,35.6,23.7
3300,2022,3,77,ประจวบคีรีขันธ์,36.3,21.7
3315,2022,4,10,กรุงเทพมหานคร,39.5,20.3
3316,2022,4,11,สมุทรปราการ,33.8,21.5
3317,2022,4,13,ปทุมธานี,39.7,19.5
3318,2022,4,14,พระนครศรีอยุธยา,39.6,17.5
3319,2022,4,16,ลพบุรี,39.7,19
3320,2022,4,18,ชัยนาท,39.5,19
3325,2022,4,24,ฉะเชิงเทรา,38.9,17.2
3360,2022,4,70,ราชบุรี,39,20.4
3361,2022,4,71,กาญจนบุรี,40,17.9
3362,2022,4,72,สุพรรณบุรี,40.1,17
3363,2022,4,73,นครปฐม,38.8,20.5
3364,2022,4,76,เพชรบุรี,34.8,20.4
3365,2022,4,77,ประจวบคีรีขันธ์,38.6,20.3
3380,2022,5,10,กรุงเทพมหานคร,37.2,22.3
3381,2022,5,11,สมุทรปราการ,33.7,23.9
3382,2022,5,13,ปทุมธานี,37,21.4
3383,2022,5,14,พระนครศรีอยุธยา,36.4,20.4
3384,2022,5,16,ลพบุรี,37.5,21.2
3385,2022,5,18,ชัยนาท,36.2,22
3390,2022,5,24,ฉะเชิงเทรา,35.5,21
3425,2022,5,70,ราชบุรี,35.9,23
3426,2022,5,71,กาญจนบุรี,37.6,20.5
3427,2022,5,72,สุพรรณบุรี,37.9,20.2
3428,2022,5,73,นครปฐม,36.7,22.5
3429,2022,5,76,เพชรบุรี,35.3,22.6
3430,2022,5,77,ประจวบคีรีขันธ์,36.5,22.8
3445,2022,6,10,กรุงเทพมหานคร,37.7,22.6
3446,2022,6,11,สมุทรปราการ,33.6,22.9
3447,2022,6,13,ปทุมธานี,37.5,23.5
3448,2022,6,14,พระนครศรีอยุธยา,37.2,21.8
3449,2022,6,16,ลพบุรี,37.3,22.4
3450,2022,6,18,ชัยนาท,35.6,23.6
3455,2022,6,24,ฉะเชิงเทรา,37.4,22.5
3490,2022,6,70,ราชบุรี,36.3,24.1
3491,2022,6,71,กาญจนบุรี,38.1,21.5
3492,2022,6,72,สุพรรณบุรี,39.4,21.4
3493,2022,6,73,นครปฐม,37.5,24
3494,2022,6,76,เพชรบุรี,34.8,23.5
3495,2022,6,77,ประจวบคีรีขันธ์,37,23
3510,2022,7,10,กรุงเทพมหานคร,36.6,22.5
3511,2022,7,11,สมุทรปราการ,32,23.2
3512,2022,7,13,ปทุมธานี,36.7,24
3513,2022,7,14,พระนครศรีอยุธยา,37.5,23.2
3514,2022,7,16,ลพบุรี,38,23.7
3515,2022,7,18,ชัยนาท,36.6,24
3520,2022,7,24,ฉะเชิงเทรา,36.6,22.8
3555,2022,7,70,ราชบุรี,35.7,24.5
3556,2022,7,71,กาญจนบุรี,37.4,21.5
3557,2022,7,72,สุพรรณบุรี,37.4,20.1
3558,2022,7,73,นครปฐม,37.3,23.7
3559,2022,7,76,เพชรบุรี,36.5,23.1
3560,2022,7,77,ประจวบคีรีขันธ์,35.8,22.9
3575,2022,8,10,กรุงเทพมหานคร,36.7,23
3576,2022,8,11,สมุทรปราการ,32.7,23.2
3577,2022,8,13,ปทุมธานี,36.5,23.5
3578,2022,8,14,พระนครศรีอยุธยา,36,22
3579,2022,8,16,ลพบุรี,36.9,22.6
3580,2022,8,18,ชัยนาท,35.5,22.7
3585,2022,8,24,ฉะเชิงเทรา,36.5,22.7
3620,2022,8,70,ราชบุรี,35.6,23.3
3621,2022,8,71,กาญจนบุรี,38,20.5
3622,2022,8,72,สุพรรณบุรี,36.6,19.5
3623,2022,8,73,นครปฐม,36.9,24
3624,2022,8,76,เพชรบุรี,35.5,22.3
3625,2022,8,77,ประจวบคีรีขันธ์,35.8,22.2
3640,2022,9,10,กรุงเทพมหานคร,35.3,23.2
3641,2022,9,11,สมุทรปราการ,32.7,23.6
3642,2022,9,13,ปทุมธานี,35.5,23.8
3643,2022,9,14,พระนครศรีอยุธยา,35.5,22.5
3644,2022,9,16,ลพบุรี,36.6,23.4
3645,2022,9,18,ชัยนาท,35.7,23.4
3650,2022,9,24,ฉะเชิงเทรา,35.4,21.5
3685,2022,9,70,ราชบุรี,35.6,23.5
3686,2022,9,71,กาญจนบุรี,36.3,22.3
3687,2022,9,72,สุพรรณบุรี,36.3,19.9
3688,2022,9,73,นครปฐม,35.6,23.8
3689,2022,9,76,เพชรบุรี,35,21.8
3690,2022,9,77,ประจวบคีรีขันธ์,36.1,22.3
3705,2022,10,10,กรุงเทพมหานคร,35.7,21.6
3706,2022,10,11,สมุทรปราการ,32.3,22.8
3707,2022,10,13,ปทุมธานี,35.5,21.2
3708,2022,10,14,พระนครศรีอยุธยา,35.9,21.5
3709,2022,10,16,ลพบุรี,34.5,20.2
3710,2022,10,18,ชัยนาท,34.3,20.5
3715,2022,10,24,ฉะเชิงเทรา,35.2,20.2
3750,2022,10,70,ราชบุรี,34.3,22.4
3751,2022,10,71,กาญจนบุรี,34.5,19.4
3752,2022,10,72,สุพรรณบุรี,34.6,17.3
3753,2022,10,73,นครปฐม,33.8,21
3754,2022,10,76,เพชรบุรี,33.4,20.6
3755,2022,10,77,ประจวบคีรีขันธ์,33.9,21.2
3770,2022,11,10,กรุงเทพมหานคร,35.6,20.6
3771,2022,11,11,สมุทรปราการ,33.4,23.1
3772,2022,11,13,ปทุมธานี,35.8,20.9
3773,2022,11,14,พระนครศรีอยุธยา,36,19
3774,2022,11,16,ลพบุรี,35.5,17.5
3775,2022,11,18,ชัยนาท,34.1,20.2
3780,2022,11,24,ฉะเชิงเทรา,36.4,15.3
3815,2022,11,70,ราชบุรี,34,18.9
3816,2022,11,71,กาญจนบุรี,35.2,17.5
3817,2022,11,72,สุพรรณบุรี,35.2,19.7
3818,2022,11,73,นครปฐม,33.6,18.8
3819,2022,11,76,เพชรบุรี,34.5,19.9
3820,2022,11,77,ประจวบคีรีขันธ์,34.5,17
3835,2022,12,10,กรุงเทพมหานคร,34.7,18.5
3836,2022,12,11,สมุทรปราการ,31.7,19.7
3837,2022,12,13,ปทุมธานี,34.2,18
3838,2022,12,14,พระนครศรีอยุธยา,34.4,17.5
3839,2022,12,16,ลพบุรี,33.6,14.9
3840,2022,12,18,ชัยนาท,32.6,17.3
3845,2022,12,24,ฉะเชิงเทรา,34,15
3880,2022,12,70,ราชบุรี,33.5,17.2
3881,2022,12,71,กาญจนบุรี,34.3,15.6
3882,2022,12,72,สุพรรณบุรี,33.6,16.8
3883,2022,12,73,นครปฐม,32.8,16.4
3884,2022,12,76,เพชรบุรี,33.5,17.6
3885,2022,12,77,ประจวบคีรีขันธ์,33.2,16.2
3900,2023,1,10,กรุงเทพมหานคร,35.6,18.4
3901,2023,1,11,สมุทรปราการ,32,17.5
3902,2023,1,13,ปทุมธานี,36,17.5
3903,2023,1,14,พระนครศรีอยุธยา,35.4,14.5
3904,2023,1,16,ลพบุรี,35.4,13.3
3905,2023,1,18,ชัยนาท,33.5,15.3
3910,2023,1,24,ฉะเชิงเทรา,35.9,16
3945,2023,1,70,ราชบุรี,35.7,16.5
3946,2023,1,71,กาญจนบุรี,36.7,13.8
3947,2023,1,72,สุพรรณบุรี,36,15.6
3948,2023,1,73,นครปฐม,35.1,14.9
3949,2023,1,76,เพชรบุรี,33.6,18.2
3950,2023,1,77,ประจวบคีรีขันธ์,35.4,16.5
3965,2023,2,10,กรุงเทพมหานคร,36.5,19.5
3966,2023,2,11,สมุทรปราการ,32.2,22.4
3967,2023,2,13,ปทุมธานี,37,18.5
3968,2023,2,14,พระนครศรีอยุธยา,36.9,16.5
3969,2023,2,16,ลพบุรี,38.3,14.4
3970,2023,2,18,ชัยนาท,35.8,16.9
3975,2023,2,24,ฉะเชิงเทรา,37.4,17
4010,2023,2,70,ราชบุรี,35.7,16.5
4011,2023,2,71,กาญจนบุรี,37.8,16
4012,2023,2,72,สุพรรณบุรี,35.8,17.1
4013,2023,2,73,นครปฐม,36.5,15.4
4014,2023,2,76,เพชรบุรี,33.8,19.5
4015,2023,2,77,ประจวบคีรีขันธ์,35.3,17.9
4030,2023,3,10,กรุงเทพมหานคร,37.1,22.3
4031,2023,3,11,สมุทรปราการ,32.6,24.4
4032,2023,3,13,ปทุมธานี,39,21.1
4033,2023,3,14,พระนครศรีอยุธยา,37.8,20.1
4034,2023,3,16,ลพบุรี,41.5,17.8
4035,2023,3,18,ชัยนาท,38.5,19
4040,2023,3,24,ฉะเชิงเทรา,39.5,18.3
4075,2023,3,70,ราชบุรี,37.7,20.1
4076,2023,3,71,กาญจนบุรี,40.5,17.6
4077,2023,3,72,สุพรรณบุรี,39.6,19.6
4078,2023,3,73,นครปฐม,38.2,17.8
4079,2023,3,76,เพชรบุรี,33.7,21.2
4080,2023,3,77,ประจวบคีรีขันธ์,38.2,17.7
4095,2023,4,10,กรุงเทพมหานคร,40,25.4
4096,2023,4,11,สมุทรปราการ,33.4,25.7
4097,2023,4,13,ปทุมธานี,41,24.5
4098,2023,4,14,พระนครศรีอยุธยา,40,23.2
4099,2023,4,16,ลพบุรี,42,23.1
4100,2023,4,18,ชัยนาท,39.4,24.2
4105,2023,4,24,ฉะเชิงเทรา,39.7,22.9
4140,2023,4,70,ราชบุรี,39.9,22.8
4141,2023,4,71,กาญจนบุรี,41.6,22.3
4142,2023,4,72,สุพรรณบุรี,41.1,24.2
4143,2023,4,73,นครปฐม,39.6,22.5
4144,2023,4,76,เพชรบุรี,35.6,24.3
4145,2023,4,77,ประจวบคีรีขันธ์,39.5,21.3
4160,2023,5,10,กรุงเทพมหานคร,41,25.1
4161,2023,5,11,สมุทรปราการ,35.1,25.1
4162,2023,5,13,ปทุมธานี,40.8,24.8
4163,2023,5,14,พระนครศรีอยุธยา,39.9,23
4164,2023,5,16,ลพบุรี,41.1,24.1
4165,2023,5,18,ชัยนาท,39.7,23.8
4170,2023,5,24,ฉะเชิงเทรา,38.7,23.2
4205,2023,5,70,ราชบุรี,40.7,25
4206,2023,5,71,กาญจนบุรี,41.3,22.1
4207,2023,5,72,สุพรรณบุรี,41.8,23.8
4208,2023,5,73,นครปฐม,41.1,24.5
4209,2023,5,76,เพชรบุรี,38,25
4210,2023,5,77,ประจวบคีรีขันธ์,40.4,23.3
4225,2023,6,10,กรุงเทพมหานคร,38,26.8
4226,2023,6,11,สมุทรปราการ,33.3,28.7
4227,2023,6,13,ปทุมธานี,37.3,26.2
4228,2023,6,14,พระนครศรีอยุธยา,35.5,24
4229,2023,6,16,ลพบุรี,37.4,24.6
4230,2023,6,18,ชัยนาท,36,25.5
4235,2023,6,24,ฉะเชิงเทรา,36.8,24.2
4270,2023,6,70,ราชบุรี,37.7,25
4271,2023,6,71,กาญจนบุรี,38.1,24
4272,2023,6,72,สุพรรณบุรี,37.2,25
4273,2023,6,73,นครปฐม,37,26
4274,2023,6,76,เพชรบุรี,35.2,26.1
4275,2023,6,77,ประจวบคีรีขันธ์,37.7,23.8
4290,2023,7,10,กรุงเทพมหานคร,38.2,23.9
4291,2023,7,11,สมุทรปราการ,33.8,26.1
4292,2023,7,13,ปทุมธานี,37.5,24.5
4293,2023,7,14,พระนครศรีอยุธยา,36.8,23
4294,2023,7,16,ลพบุรี,38.7,24.1
4295,2023,7,18,ชัยนาท,37.5,24.7
4300,2023,7,24,ฉะเชิงเทรา,38.2,24.1
4335,2023,7,70,ราชบุรี,36.2,24.1
4336,2023,7,71,กาญจนบุรี,37.8,23.2
4337,2023,7,72,สุพรรณบุรี,37.8,24.1
4338,2023,7,73,นครปฐม,37,24
4339,2023,7,76,เพชรบุรี,37.2,24.4
4340,2023,7,77,ประจวบคีรีขันธ์,37.7,22.6
4355,2023,8,10,กรุงเทพมหานคร,37.7,24.7
4356,2023,8,11,สมุทรปราการ,32.9,23.9
4357,2023,8,13,ปทุมธานี,37.7,25.5
4358,2023,8,14,พระนครศรีอยุธยา,36.7,23.6
4359,2023,8,16,ลพบุรี,38.5,24.1
4360,2023,8,18,ชัยนาท,38.2,24.9
4365,2023,8,24,ฉะเชิงเทรา,37,24.1
4400,2023,8,70,ราชบุรี,37.4,24.5
4401,2023,8,71,กาญจนบุรี,38.1,23.2
4402,2023,8,72,สุพรรณบุรี,38.6,25.1
4403,2023,8,73,นครปฐม,37.8,24.5
4404,2023,8,76,เพชรบุรี,36.4,24.9
4405,2023,8,77,ประจวบคีรีขันธ์,38,23.2
4420,2023,9,10,กรุงเทพมหานคร,36.2,24.2
4421,2023,9,11,สมุทรปราการ,33.2,27
4422,2023,9,13,ปทุมธานี,37,25.4
4423,2023,9,14,พระนครศรีอยุธยา,36.2,23.4
4424,2023,9,16,ลพบุรี,36,24.1
4425,2023,9,18,ชัยนาท,36,25.3
4430,2023,9,24,ฉะเชิงเทรา,35,23.8
4465,2023,9,70,ราชบุรี,35,24.8
4466,2023,9,71,กาญจนบุรี,36,23.5
4467,2023,9,72,สุพรรณบุรี,37.6,25
4468,2023,9,73,นครปฐม,37.2,24.8
4469,2023,9,76,เพชรบุรี,35,23.8
4470,2023,9,77,ประจวบคีรีขันธ์,36.5,23.6
4485,2023,10,10,กรุงเทพมหานคร,36.1,23.6
4486,2023,10,11,สมุทรปราการ,33.1,24
4487,2023,10,13,ปทุมธานี,36.2,24.4
4488,2023,10,14,พระนครศรีอยุธยา,36.2,23
4489,2023,10,16,ลพบุรี,36.3,23.2
4490,2023,10,18,ชัยนาท,35,23.4
4495,2023,10,24,ฉะเชิงเทรา,35,23.6
4530,2023,10,70,ราชบุรี,35.5,23.8
4531,2023,10,71,กาญจนบุรี,36,21.5
4532,2023,10,72,สุพรรณบุรี,36.1,23.9
4533,2023,10,73,นครปฐม,35.8,23.5
4534,2023,10,76,เพชรบุรี,34,22.3
4535,2023,10,77,ประจวบคีรีขันธ์,35.8,22.5
4550,2023,11,10,กรุงเทพมหานคร,36,21
4551,2023,11,11,สมุทรปราการ,32.9,24
4552,2023,11,13,ปทุมธานี,36.3,20
4553,2023,11,14,พระนครศรีอยุธยา,36,17.3
4554,2023,11,16,ลพบุรี,36.1,16.5
4555,2023,11,18,ชัยนาท,34.6,18.5
4560,2023,11,24,ฉะเชิงเทรา,35.8,18.3
4595,2023,11,70,ราชบุรี,34.8,19.9
4596,2023,11,71,กาญจนบุรี,36.2,17.4
4597,2023,11,72,สุพรรณบุรี,35.5,17.5
4598,2023,11,73,นครปฐม,35.2,18
4599,2023,11,76,เพชรบุรี,33.4,18.4
4600,2023,11,77,ประจวบคีรีขันธ์,34.2,17
4615,2023,12,10,กรุงเทพมหานคร,36.8,18.2
4616,2023,12,11,สมุทรปราการ,34.6,22.4
4617,2023,12,13,ปทุมธานี,36.5,18.1
4618,2023,12,14,พระนครศรีอยุธยา,36.3,16
4619,2023,12,16,ลพบุรี,37.6,16
4620,2023,12,18,ชัยนาท,34.9,16.2
4625,2023,12,24,ฉะเชิงเทรา,36.5,16.5
4660,2023,12,70,ราชบุรี,34.3,18.1
4661,2023,12,71,กาญจนบุรี,35.5,15.8
4662,2023,12,72,สุพรรณบุรี,35.2,17.8
4663,2023,12,73,นครปฐม,34.3,18.4
4664,2023,12,76,เพชรบุรี,33.8,16.9
4665,2023,12,77,ประจวบคีรีขันธ์,34.6,19
4680,2024,1,10,กรุงเทพมหานคร,36.8,22.2
4681,2024,1,11,สมุทรปราการ,32.7,23.5
4682,2024,1,13,ปทุมธานี,36.5,21.1
4683,2024,1,14,พระนครศรีอยุธยา,36,18.5
4684,2024,1,16,ลพบุรี,36.7,18.3
4685,2024,1,18,ชัยนาท,34.3,19.9
4690,2024,1,24,ฉะเชิงเทรา,36.7,18.4
4725,2024,1,70,ราชบุรี,35.3,20
4726,2024,1,71,กาญจนบุรี,37,15.5
4727,2024,1,72,สุพรรณบุรี,35.6,17.9
4728,2024,1,73,นครปฐม,35.5,18
4729,2024,1,76,เพชรบุรี,32.8,19
4730,2024,1,77,ประจวบคีรีขันธ์,36.5,19.1
4745,2024,2,10,กรุงเทพมหานคร,37.6,21.6
4746,2024,2,11,สมุทรปราการ,32.8,22.3
4747,2024,2,13,ปทุมธานี,37.8,21.5
4748,2024,2,14,พระนครศรีอยุธยา,36.8,18
4749,2024,2,16,ลพบุรี,39.9,17
4750,2024,2,18,ชัยนาท,36.2,19.5
4755,2024,2,24,ฉะเชิงเทรา,38.1,18.9
4790,2024,2,70,ราชบุรี,37.4,19.6
4791,2024,2,71,กาญจนบุรี,39,16.5
4792,2024,2,72,สุพรรณบุรี,37.5,19.2
4793,2024,2,73,นครปฐม,37.7,17.4
4794,2024,2,76,เพชรบุรี,33.1,19.3
4795,2024,2,77,ประจวบคีรีขันธ์,38,19
4810,2024,3,10,กรุงเทพมหานคร,37.7,23.8
4811,2024,3,11,สมุทรปราการ,32.7,23.5
4812,2024,3,13,ปทุมธานี,40.2,24
4813,2024,3,14,พระนครศรีอยุธยา,40.3,21.8
4814,2024,3,16,ลพบุรี,41.1,22.5
4815,2024,3,18,ชัยนาท,40.2,23.2
4820,2024,3,24,ฉะเชิงเทรา,38,22.8
4855,2024,3,70,ราชบุรี,38.6,23
4856,2024,3,71,กาญจนบุรี,41.7,19.3
4857,2024,3,72,สุพรรณบุรี,41.1,23.2
4858,2024,3,73,นครปฐม,39.5,22.9
4859,2024,3,76,เพชรบุรี,34,19.8
4860,2024,3,77,ประจวบคีรีขันธ์,39.6,20.1
4875,2024,4,10,กรุงเทพมหานคร,41.1,26
4876,2024,4,11,สมุทรปราการ,34.3,28.2
4877,2024,4,13,ปทุมธานี,42.8,27.3
4878,2024,4,14,พระนครศรีอยุธยา,41.1,23.7
4879,2024,4,16,ลพบุรี,43.3,25.7
4880,2024,4,18,ชัยนาท,41,26
4885,2024,4,24,ฉะเชิงเทรา,41,25
4920,2024,4,70,ราชบุรี,41,23.9
4921,2024,4,71,กาญจนบุรี,43,21
4922,2024,4,72,สุพรรณบุรี,41.5,22.9
4923,2024,4,73,นครปฐม,40.8,24.5
4924,2024,4,76,เพชรบุรี,37.4,23.3
4925,2024,4,77,ประจวบคีรีขันธ์,41.5,22.4
4940,2024,5,10,กรุงเทพมหานคร,40.1,24.7
4941,2024,5,11,สมุทรปราการ,34.7,24
4942,2024,5,13,ปทุมธานี,41.5,25
4943,2024,5,14,พระนครศรีอยุธยา,40,23.1
4944,2024,5,16,ลพบุรี,42.6,24
4945,2024,5,18,ชัยนาท,40.6,25
4950,2024,5,24,ฉะเชิงเทรา,40,23.5
4985,2024,5,70,ราชบุรี,40.6,25.1
4986,2024,5,71,กาญจนบุรี,42.7,23.4
4987,2024,5,72,สุพรรณบุรี,41,24.3
4988,2024,5,73,นครปฐม,40.7,25
4989,2024,5,76,เพชรบุรี,36.7,24.3
4990,2024,5,77,ประจวบคีรีขันธ์,41,24
5005,2024,6,10,กรุงเทพมหานคร,36.4,28
5006,2024,6,11,สมุทรปราการ,33,28.7
5007,2024,6,13,ปทุมธานี,37.1,27.5
5008,2024,6,14,พระนครศรีอยุธยา,35.3,25.5
5009,2024,6,16,ลพบุรี,36.7,25.8
5010,2024,6,18,ชัยนาท,37.7,27
5015,2024,6,24,ฉะเชิงเทรา,36.4,26.4
5050,2024,6,70,ราชบุรี,34.2,26
5051,2024,6,71,กาญจนบุรี,33.8,24.4
5052,2024,6,72,สุพรรณบุรี,35.2,25.2
5053,2024,6,73,นครปฐม,34.4,26.2
5054,2024,6,76,เพชรบุรี,36.5,25.9
5055,2024,6,77,ประจวบคีรีขันธ์,37.2,24.7
5070,2024,7,10,กรุงเทพมหานคร,34.7,25.0
5071,2024,7,11,สมุทรปราการ,33.7,25.7
5072,2024,7,13,ปทุมธานี,35.1,26.5
5073,2024,7,14,พระนครศรีอยุธยา,34.0,25.0
5074,2024,7,16,ลพบุรี,36.0,25.0
5075,2024,7,18,ชัยนาท,34.4,26.0
5080,2024,7,24,ฉะเชิงเทรา,34.2,25.0
5082,2024,7,26,นครนายก,24.6,19.5
5121,2024,7,70,ราชบุรี,34.5,25.4
5122,2024,7,71,กาญจนบุรี,37.0,23.4
5123,2024,7,72,สุพรรณบุรี,36.7,24.2
5124,2024,7,73,นครปฐม,35.5,25.5
5125,2024,7,75,สมุทรสงคราม,33.1,ไม่มีผลการตรวจวัด
5126,2024,7,76,เพชรบุรี,34.0,24.8
5127,2024,7,77,ประจวบคีรีขันธ์,34.2,24.4
